OXBAR x Pod Juice SVOPP Battery,https://www.elementvape.com/oxbar-svopp-battery
Adjust MyCool 40K Disposable,//www.elementvape.com/adjust-mycool-40k-disposable
Fasta Burrst 35K Disposable,https://www.elementvape.com/fasta-burrst-35k-disposable
Pillow Talk IC40000 Disposable,https://www.elementvape.com/pillow-talk-ic40k
DOJO Sphere X 40K Disposable,https://www.elementvape.com/dojo-sphere-x
JNR Media MAX 40K Disposable,https://www.elementvape.com/jnr-media-max-40k-disposable
HQD Cuvie X 25000 Disposable,https://www.elementvape.com/hqd-cuvie-x
Hidden Hills x Fifty Bar 20K Disposable,https://www.elementvape.com/hidden-hills-x-fifty-bar-20k-disposable
Feed Sync 30K Disposable,https://www.elementvape.com/feed-sync-30k-disposable
iJoy URANUS Mate 40K Disposable,https://www.elementvape.com/ijoy-uranus-mate
Off-Stamp SW9000 Disposable Pods,https://www.elementvape.com/off-stamp-sw9000-disposable-pods
JNR PhoneVape 30000 Disposable,https://www.elementvape.com/jnr-phonevape-30k-disposable
JNR VapeWatch 30000 Disposable,https://www.elementvape.com/jnr-vapewatch-30k-disposable
Lost Vape REFEEL 18K Disposable,https://www.elementvape.com/lost-vape-refeel-18k-disposable
iJoy SD40000 Disposable,https://www.elementvape.com/ijoy-sd40000
OXBAR x Pod Juice SVOPP 30K Disposable Pod,https://www.elementvape.com/oxbar-svopp
JNR Shisha Hookah Box 30K Disposable,https://www.elementvape.com/jnr-shisha-hookah-box-disposable
VIHO Supercharge Pro 20K Disposable,https://www.elementvape.com/viho-supercharge-pro
Nasty Bar HOOQA 10000 DTL Disposable,https://www.elementvape.com/nasty-bar-hooqa
PYRO Boost 25K Disposable,https://www.elementvape.com/pyro-boost
Memers XSORB ME25K Disposable,https://www.elementvape.com/memers-xsorb
Keep It 100 20K Disposable,https://www.elementvape.com/keep-it-100-disposable
PYRO DUO 30000 Disposable,https://www.elementvape.com/pyro-duo
FLUM UT Bar Pro 25000 Disposable,https://www.elementvape.com/flum-ut-bar-pro-25000-disposable
WAKA Duo 27000 Disposable,https://www.elementvape.com/waka-duo-27000-disposable
Fifty Bar V2 20K Disposable,https://www.elementvape.com/fifty-bar-20k-v2
Lost Vape Movement NEXT 30K Disposable,https://www.elementvape.com/lost-vape-movement-next
GYYR x Wynn Bar Challenger 30000 Disposable,https://www.elementvape.com/gyyr-wynn-bar-challenger-30000-disposable
North Handshake 15000 C-Disposable,https://www.elementvape.com/north-handshake-c-disposable
North Handshake 15000 Disposable Starter Kit,https://www.elementvape.com/north-handshake-kit
Juice Head 30K Disposable,https://www.elementvape.com/juice-head-30k-disposable
South Connect 35K Disposable,https://www.elementvape.com/south-connect-35k
ELF VPR 30K Disposable,https://www.elementvape.com/elf-vpr-30k
North Vision 15000 Disposable,https://www.elementvape.com/north-vision
Thursday 30000 Disposable,https://www.elementvape.com/thursday-30k-disposable
Nose Knows AT5000 Disposable,https://www.elementvape.com/nose-knows-at5000
Craftbox V-Touch 30K Disposable,https://www.elementvape.com/craftbox-vtouch-30k-disposable
Posh Pro MAX 30K Disposable,https://www.elementvape.com/posh-pro-max
VNM Ice 30K Disposable,https://www.elementvape.com/vnm-ice-30k
LOSGAL MC25000 Disposable,https://www.elementvape.com/losgal-mc25000
Foger Switch Pro 30K Disposable,//www.elementvape.com/foger-switch-pro
AirFuze SMART 30000 Disposable,//www.elementvape.com/airfuze-smart
SWYPE 30K Disposable,https://www.elementvape.com/swype-30k-disposable
OXBAR x Pod Juice Magic Maze 2.0 30K Disposable,https://www.elementvape.com/oxbar-pod-juice-magic-maze-2-disposable
Memers Switcher S22000 Disposable,//www.elementvape.com/memers-switcher
DKHAAN 15000 DTL Disposable,https://www.elementvape.com/dkhaan-15k-disposable
NEXA PRO 30000 Disposable,https://www.elementvape.com/nexa-pro-30000-disposable
Gold Bar 24 Seven 24K Disposable,https://www.elementvape.com/gold-bar-24-seven-24k-disposable
Lost Mary Quasar OS25000 Disposable,https://www.elementvape.com/lost-mary-quasar-os25000
Off-Stamp SW16000 Disposable,https://www.elementvape.com/off-stamp-sw16000
iJoy Uranus 25000 Disposable,https://www.elementvape.com/ijoy-uranus
SWFT Meta 30000 Disposable,https://www.elementvape.com/swft-meta
GIMI 30K Disposable,https://www.elementvape.com/flum-gimi-20k-disposable
Spaceman Nebula 25K Plus Disposable,https://www.elementvape.com/spaceman-nebula
FLUM Mello 20000 Disposable,https://www.elementvape.com/flum-mello
PynePod Boost Pro 20000 Disposable,https://www.elementvape.com/pynepod-boost-pro
Logic Power Starter Kit,https://www.elementvape.com/logic-power
AirFuze Jet 20000 Disposable,https://www.elementvape.com/airfuze-jet-20000-disposable
Firerose UPLOAD 25K Disposable,https://www.elementvape.com/firerose-upload
Digiflavor SKY 25K Disposable,https://www.elementvape.com/digiflavor-sky
7 Daze Mate Disposable Pods,https://www.elementvape.com/7-daze-mate-pods
Elux CYBEROVER 18000 Disposable,https://www.elementvape.com/elux-cyberover-disposable
Sugarbar x Noms 18000 Disposable,https://www.elementvape.com/sugarbar-noms-18k
Supermerry Bar S25K Disposable,https://www.elementvape.com/supermerry-bar-25k
Velocity 25K Disposable,https://www.elementvape.com/velocity-25k
North Vision 0% Zero Nicotine 15000 Disposable,https://www.elementvape.com/north-vision-15k-zero-nicotine-disposable
RAZ TN9000 0% Zero Nicotine Disposable,https://www.elementvape.com/raz-tn9000-zero-nicotine-disposable
MORF Bar Touch 20K Disposable,https://www.elementvape.com/morf-bar-touch-20k
Uwell Caliburn Bar S18000 Disposable,https://www.elementvape.com/uwell-caliburn-bar-s18k-disposable
MNKE Bars XL 25000 Disposable,https://www.elementvape.com/mnke-bars-xl-25k-disposable
Geek Bar Pulse X 25K Disposable,https://www.elementvape.com/geek-bar-pulse-x
SOFI SURGE 25K 0% Zero Nicotine Disposable,https://www.elementvape.com/sofi-surge-zero-nic-25k-disposable
SOFI SURGE 25000 Disposable,https://www.elementvape.com/sofi-surge-25k-disposable
Lucky Wolf Legend 25K Disposable,https://www.elementvape.com/lucky-wolf-legend-25k-disposable
Lucid Boost 20123 Disposable,https://www.elementvape.com/lucid-boost-yogi-disposable
RIFBAR Turbo-X 15K Disposable,https://www.elementvape.com/rifbar-turbo-x-disposable
Juice King A18000 Disposable,https://www.elementvape.com/juice-king-a18000-disposable
Solaris 25K Disposable,https://www.elementvape.com/solaris-25k-disposable
VNM Hypercharged VM25000 Disposable,https://www.elementvape.com/vnm-hypercharged-vm25000-disposable
LUME SS25000 Disposable,https://www.elementvape.com/lume-ss25000-disposable
Lost Mary MO20000 Pro Disposable,https://www.elementvape.com/lost-mary-mo20k
Skwezed x Blankers Disposable Pod System,https://www.elementvape.com/skwezed-blankers-disposable-pod-system
Merica Bar 20K Disposable,https://www.elementvape.com/merica-bar
RAZ DC25000 Disposable,https://www.elementvape.com/raz-dc25k
Nasty Bar XL 20K Disposable,https://www.elementvape.com/nasty-bar-xl-20k-disposable
Elf VPR 18000 Disposable,https://www.elementvape.com/elf-vpr-18000
True Story 20K Disposable,https://www.elementvape.com/true-story-20k
STARX S20000 Disposable,https://www.elementvape.com/starx-s20k
Equator EQ30000 Disposable,https://www.elementvape.com/equator-eq30000
Digiflavor x Geek Bar LUSH 20K Disposable,https://www.elementvape.com/geek-bar-digiflavor-lush-disposable
BLVK Bar 20K Disposable,https://www.elementvape.com/blvk-bar-disposable
Thursday 10K Disposable,https://www.elementvape.com/thursday-10k-disposable
RAMA 16000 Disposable,https://www.elementvape.com/rama-16000-disposable
Yovo Ultra 18000 Disposable,https://www.elementvape.com/yovo-ultra-18000-disposable
VFeel Pi 20000 Disposable,https://www.elementvape.com/vfeel-pi
Kangvape Onee Stick Smart TC25K Disposable,https://www.elementvape.com/kangvape-onee-stick-smart-tc25k
dotmod dot v2 10000 Disposable,https://www.elementvape.com/dotmod-dot-v2-10000-disposable
Death Row DR15K Disposable,https://www.elementvape.com/death-row-dr15k
TRON BAR 12K Disposable,https://www.elementvape.com/tron-bar-12k
MTRX MX 25000 Disposable,https://www.elementvape.com/mtrx-mx-25000-disposable
LUFFBAR Dually 20000 Disposable,https://www.elementvape.com/luffbar-dually-disposable
LUFFBAR Boring Tiger 25000 Disposable,https://www.elementvape.com/luffbar-boring-tiger-disposable
Mystery Disposable Vape Pack,https://www.elementvape.com/mystery-disposable-vape
PLENA 18K Disposable,https://www.elementvape.com/plena-18k-disposable
iJoy TaijiZen Judo 24000 Disposable,https://www.elementvape.com/ijoy-taijizen-judo
Airis Alpha Touch 20000 Disposable,https://www.elementvape.com/airis-alpha-touch
VOZOL Gear Power 20000 Disposable,https://www.elementvape.com/vozol-gear-power
VOZOL Vista 16000 Disposable,//www.elementvape.com/vozol-vista
SPACEMAN PRISM 20K Disposable,https://www.elementvape.com/spaceman-prism-20k-disposable
OZIBAR 18000 Disposable,https://www.elementvape.com/ozibar-disposable
SPACEMAN CURVE 18K Disposable,https://www.elementvape.com/spaceman-curve-18k
Ronaldinho 10 15K Disposable,https://www.elementvape.com/ronaldinho-15k
VIHO Supercharge 20000 Disposable,https://www.elementvape.com/viho-supercharge
Lost Vape Lightrise TB 18K Disposable,//www.elementvape.com/lost-vape-lightrise-tb-disposable
Vuse Alto All In One Kit,https://www.elementvape.com/vuse-alto-all-in-one-kit
Tyson 2.0 Iron Mike 15000 Disposable,https://www.elementvape.com/tyson-iron-mike-disposable
NEXA N20000 Disposable,https://www.elementvape.com/nexa-n20000-disposable
iJoy SD22000 Disposable,https://www.elementvape.com/ijoy-sd22000-disposable
Airmez Matrix 25K Disposable,https://www.elementvape.com/airmez-matrix
Airmez Mars 20K Disposable,https://www.elementvape.com/airmez-mars
7 Daze Clickmate 15000 Disposable Kit,https://www.elementvape.com/7-daze-clickmate-disposable-kit
Lost Vape Movement LV18000 Disposable,https://www.elementvape.com/lost-vape-movement-lv18000-disposable
CB15K x Chris Brown Disposable,https://www.elementvape.com/cb15k-chris-brown-disposable
Geek Bar Pulse 15000 Disposable,//www.elementvape.com/geek-bar-pulse-15000
SMOK Priv Bar Turbo 15K Disposable,https://www.elementvape.com/smok-priv-pbar-turbo-15k-disposable
Airis Speedy 15K Disposable,https://www.elementvape.com/airis-speedy
ELF Cigar 3000 Disposable,https://www.elementvape.com/elf-ecigar
FIRE Boost 12000 Disposable,https://www.elementvape.com/fire-boost-12000
Marz Barz 7K Disposable,https://www.elementvape.com/marz-barz-7k
Snowwolf Smart HD 15K Limited Disposable,https://www.elementvape.com/snowwolf-smart-hd-15k-disposable
WOOFR 15000 Disposable,https://www.elementvape.com/woofr-15000
Bugatti B9000 Disposable,https://www.elementvape.com/bugatti-b9000-disposable
Air Bar Diamond Box 20000 Disposable,https://www.elementvape.com/air-bar-diamond-box-20000-disposable
CZAR X CX15000 Disposable,https://www.elementvape.com/czar-x-cx15000
ELF VPR 12000 Disposable,https://www.elementvape.com/elf-vpr-12000
UNO MAS X 10K Disposable,https://www.elementvape.com/uno-mas-x-disposable
MTRX 12000 Disposable,https://www.elementvape.com/mtrx-12k-disposable
CRAZYACE B15000 Disposable,https://www.elementvape.com/crazyace-b15000-disposable
Instabar WT15000 Disposable,https://www.elementvape.com/instabar-wt15000-disposable
Off-Stamp SW9000 Disposable Kit,https://www.elementvape.com/off-stamp-sw9000
North FT12000 Disposable,https://www.elementvape.com/north-ft12000-disposable
Chillax 15000 Disposable,https://www.elementvape.com/chillax-15000-disposable
Horizontech Micco N16000 Disposable,https://www.elementvape.com/horizon-micco-disposable
RabBeats RC10000 Touch Disposable,https://www.elementvape.com/rabbeats-rc10000-touch-disposable
Lost Mary MT15000 Disposable,https://www.elementvape.com/lost-mary-mt15000-disposable
Prima UL9000 Disposable,https://www.elementvape.com/prima-ul9000-disposable
Archer 12000 Disposable,https://www.elementvape.com/archer-12000-disposable
ECHO 8000 Disposable,https://www.elementvape.com/echo-8000-disposable
Posh XTRON 10000 Disposable,https://www.elementvape.com/posh-xtron
BARZ 7000 Disposable,https://www.elementvape.com/barz-7000-disposable
Modus x KadoBar KB10000 Disposable,https://www.elementvape.com/modus-x-kadobar-kb10000
UPENDS Mirror Pro 12000 Disposable,https://www.elementvape.com/upends-mirror-pro
Sigelei FUCHAI 10000 Disposable,https://www.elementvape.com/sigelei-fuchai-10000
VAPENGIN Nimmbox 10000 Disposable,https://www.elementvape.com/vapengin-nimmbox
YO BAR VD8500 Disposable,https://www.elementvape.com/yo-bar-dv8500
North 5000 Disposable,https://www.elementvape.com/north-5000-disposable
OXBAR Magic Maze Pro 10000 Disposable,https://www.elementvape.com/oxbar-magic-maze
VOZOL STAR 9000 Disposable,https://www.elementvape.com/vozol-star-9000
FLUM UT BAR 6000 Disposable,https://www.elementvape.com/flum-ut-bar-6000
Foger CT10000 Disposable,//www.elementvape.com/foger-ct10000-disposable
SPACEMAN 10K PRO Disposable,https://www.elementvape.com/spaceman-10k-pro-disposable
Snowwolf Easy Smart EA9000 Disposable,https://www.elementvape.com/snowwolf-easy-smart-ea9000
Pillow Talk 8500 Disposable,https://www.elementvape.com/pillow-talk-8500-disposable
Vyve 10000 Disposable,https://www.elementvape.com/vyve-10000-disposable
RODMAN 9100 Disposable,https://www.elementvape.com/aloha-sun-rodman
Lost Vape Orion Bar 10000 Disposable,https://www.elementvape.com/lost-vape-orion-bar-10000
Nasty Bar DX8.5i 8500 Disposable,//www.elementvape.com/nasty-juice-dx85i
Uwell Caliburn Bar B6000 Disposable,https://www.elementvape.com/uwell-caliburn-bar-b6000
SOFI X9000 0% Zero Nicotine Smart Disposable,https://www.elementvape.com/sofi-x9000-zero-disposable
Bugatti Elite 9000 Disposable,https://www.elementvape.com/bugatti-elite
Pod Pocket 7500 Disposable,https://www.elementvape.com/pod-pocket-7500
VOZOL Neon 10000 Disposable,https://www.elementvape.com/vozol-neon
Firerose IN7500 Disposable,https://www.elementvape.com/firerose-in7500-disposable
RAZ TN9000 Disposable,https://www.elementvape.com/raz-tn9000
Airmez 10000 Disposable,https://www.elementvape.com/airmez-10000-disposable
VAPENGIN PLUTO 7500 Disposable,https://www.elementvape.com/vapengin-pluto
Kangvape TC8000 Disposable,https://www.elementvape.com/kangvape-tc8000-disposable
Kado Bar GOAT 5000 Disposable,https://www.elementvape.com/kado-goat
OXBAR G2200 Disposable,https://www.elementvape.com/oxbar-g2200
Flum Gimi 8500 Smart Disposable,https://www.elementvape.com/flum-gimi-8500
iJoy Captain 10000 Disposable,https://www.elementvape.com/ijoy-captain-10000
Hulk Hogan Hulkamania 8000 Disposable,https://www.elementvape.com/hulk-hogan-hulkamania
Hulk Hogan Hollywood Hogan 8000 Disposable,https://www.elementvape.com/hulk-hogan-hollywood-hogan
Kros Wireless 9000 Disposable,https://www.elementvape.com/kros-wireless-9000
Horizon Binaries SV15000 Disposable,https://www.elementvape.com/horizon-binaries-sv15000
Aloha Sun 7000 Disposable,https://www.elementvape.com/aloha-sun-disposable-vape
Chillax 9000 Disposable,https://www.elementvape.com/chillax-9000-disposable
Fire XL 6000 Disposable,https://www.elementvape.com/fire-xl-6000-disposable
Dummy Vapes 8000 Disposable,https://www.elementvape.com/dummy-vapes-8000
Sigelei Smart AC10000 Disposable,https://www.elementvape.com/sigelei-smart-ac10000
Metaku Moonwalk 9000 Disposable,https://www.elementvape.com/metaku-moonwalk
Airis NEO P9000 Disposable,https://www.elementvape.com/airis-neo-p9000
Death Row 7000 Disposable,https://www.elementvape.com/death-row-7000
Mintopia Turbo 9000 Disposable,https://www.elementvape.com/mintopia-6000-disposable
NJOY Ace Rich Tobacco Disposable Pods,https://www.elementvape.com/njoy-ace-rich-tobacco-pods
NJOY Ace Menthol Disposable Pods,https://www.elementvape.com/njoy-ace-menthol-pods
NJOY Ace Classic Tobacco Disposable Pods,https://www.elementvape.com/njoy-ace-classic-tobacco-pods
JUUL Virginia Tobacco Pods,https://www.elementvape.com/juul-virginia-tobacco-pods
JUUL Menthol Pods,https://www.elementvape.com/juul-menthol-pods
Vuse Alto Menthol Disposable Pods,https://www.elementvape.com/vuse-alto-menthol-pods
Vuse Alto Golden Tobacco Disposable Pods,https://www.elementvape.com/vuse-alto-golden-tobacco-pods
Vuse Solo Prefilled Pods,https://www.elementvape.com/vuse-solo-pods
Vuse Alto Rich Tobacco Disposable Pods,https://www.elementvape.com/vuse-alto-rich-tobacco-pods
Vuse Vibe Disposable Pods,https://www.elementvape.com/vuse-vibe-pods
Blu Tobacco Ice Disposable Pods,https://www.elementvape.com/blu-tobacco-ice-pods
Blu Rich Tobacco Disposable Pods,https://www.elementvape.com/blu-rich-tobacco-pods
Czar CZ9000 Disposable,https://www.elementvape.com/czar-cz9000-disposable
[5-Pack] FLUM Gimi 8500 Disposable,https://www.elementvape.com/flum-gimi-bundle-pack
[10-Pack] North 5000 Disposable,https://www.elementvape.com/north-5000-bundle-pack
[5-Pack] Firerose IN7500 Disposable,https://www.elementvape.com/firerose-in7500-bundle-pack
[10-Pack] Fifty Bar 6500 Disposable,https://www.elementvape.com/fifty-bar-6500-bundle-pack
[10-Pack] RODMAN 9100 Disposable,https://www.elementvape.com/rodman-9100-bundle
Pynepod 8500 Disposable,https://www.elementvape.com/pynepod-8500-disposable
Metaku Spongie 7500 Disposable,https://www.elementvape.com/metaku-spongie
SWFT ICON 7500 Smart Display Disposable,https://www.elementvape.com/swft-icon
Flum Pebble X 6000 Disposable,https://www.elementvape.com/flum-pebble-x
Glamee GT8000 Disposable,https://www.elementvape.com/glamee-gt8000
Lost Vape OB5500 Disposable,https://www.elementvape.com/lost-vape-ob5500
Snowwolf Compak 7500 Disposable,https://www.elementvape.com/snowwolf-compak-7500-disposable
OLY Frozen PRIME 6500 Disposable,https://www.elementvape.com/oly-frozen-prime
KROS Unlimited 6000 Disposable,https://www.elementvape.com/kros-unlimited-6000-disposable
Fifty Bar 6500 Disposable,//www.elementvape.com/fifty-bar-6500-disposable
Snoopy Smoke Extra Tank 2 15000 Disposable,https://www.elementvape.com/snoopy-smoke-extra-tank-2
[5-Pack] Woofr 15000 Disposable,https://www.elementvape.com/woofr-15000-disposable-bundle-pack
[10-Pack] BLVK Ello Plus 6000 Disposable,https://www.elementvape.com/blvk-ello-plus-10pk
VOZOL Gear 10000 Disposable,https://www.elementvape.com/vozol-gear
[10-PACK] Pod Pocket 7500 Disposable,https://www.elementvape.com/pod-pocket-7500-10pk
VIHO Turbo 10000 Disposable,https://www.elementvape.com/viho-turbo-disposable
Airis NEO P8000 Disposable,https://www.elementvape.com/airis-neo
Kado Bar BR5000 Disposable,https://www.elementvape.com/kado-bar-5000
Yovo JB8000 Disposable,https://www.elementvape.com/yovo-jb8000-disposable
BLVK ELLO Plus 6000 Disposable,https://www.elementvape.com/blvk-ello-disposable
SMOK NOVO Bar AL9000 Disposable (5-Pack),https://www.elementvape.com/smok-novo-bar-al9000-5pk
[10-Pack] ELF VPR 7000 ULTRA Disposable,https://www.elementvape.com/elf-vpr-7000-disposable-10pk
[10-Pack] Snowwolf Zero 5500 0% Nicotine Free Disposable,https://www.elementvape.com/snowwolf-zero-10pk
Death Row QR5000 Disposable,https://www.elementvape.com/death-row-qr5000
[5-Pack] ELF Cigar 3000 Disposable (Pack of 3),https://www.elementvape.com/elf-ecigar-bundle-pack
[5-Pack] PYRO Boost 25K Disposable,https://www.elementvape.com/pyro-boost-bundle-pack
[5-Pack] Memers XSORB ME25K Disposable,https://www.elementvape.com/memers-xsorb-bundle-pack
[5-Pack] Keep It 100 20K Disposable,https://www.elementvape.com/keep-it-100-disposable-bundle-pack
[5-Pack] PYRO DUO 30K Disposable,https://www.elementvape.com/pyro-duo-bundle-pack
[5-Pack] Geek Bar Meloso MAX 9000 Disposable,https://www.elementvape.com/geek-bar-meloso-max-10pk
[5-Pack] UT Bar Pro 25K Disposable,https://www.elementvape.com/flum-ut-bar-pro-25000-bundle-pack
[5-Pack] WAKA DUO 27000 Disposable,https://www.elementvape.com/waka-duo-bundle-pack
[5-Pack] Fifty Bar 20K Disposable,https://www.elementvape.com/fifty-bar-20k-bundle-pack
[5-Pack] GYYR x Wynn Bar Challenger 30000 Disposable,https://www.elementvape.com/gyyr-wynn-challenger-bundle-pack
[5-Pack] Lost Vape Movement NEXT 30K Disposable,https://www.elementvape.com/lost-vape-movement-next-bundle-pack
Geek Bar Meloso MAX 9000 Disposable,https://www.elementvape.com/geek-bar-meloso-max
SMOK NOVO Bar AL9000 Disposable,https://www.elementvape.com/smok-novo-bar-al9000
Snowwolf Zero 5500 0% Nicotine Free Disposable,https://www.elementvape.com/snowwolf-zero-disposable
[5-Pack] iJoy SD40K Disposable,https://www.elementvape.com/ijoy-sd40k-bundle-pack
[5-Pack] Juice Head 30K Disposable,https://www.elementvape.com/juice-head-30k-bundle-pack
[5-Pack] South Connect 35K Disposable,https://www.elementvape.com/south-connect-35k-bundle-pack
[5-Pack] ELF VPR 30K Disposable,https://www.elementvape.com/elf-vpr-30k-bundle-pack
[5-Pack] Thursday 30K Disposable,https://www.elementvape.com/thursday-30k-bundle-pack
WAKA soPro PA7000 Disposable,https://www.elementvape.com/waka-sopro-pa7000
Lucid CHARGE 7000 Disposable,https://www.elementvape.com/lucid-charge
[5-Pack] Yogi Bar 8000 Disposable,https://www.elementvape.com/yogi-bar-8000-5pk
Geek Bar Pulse 15000 0% Zero Nicotine Disposable,https://www.elementvape.com/geek-bar-pulse-zero-nic-disposable
[5-Pack] Geek Bar Pulse 15000 0% Zero Nicotine Disposable,https://www.elementvape.com/geek-bar-pulse-15k-zero-nic-bundle-pack
Geek Bar Meloso MINI 1500 Disposable,https://www.elementvape.com/geek-bar-meloso-mini
[5-Pack] North Vision 0% Zero Nicotine Disposable,https://www.elementvape.com/north-vision-15k-zero-nic-bundle-pack
ELF VPR 7000 Ultra Disposable,https://www.elementvape.com/elf-vpr-7000-disposable
[5-Pack] OXBAR x Pod Juice SVOPP 30K Disposable Pods,https://www.elementvape.com/oxbar-svopp-bundle-pack
[5-Pack] Craftbox V-Touch 30K Disposable,https://www.elementvape.com/craftbox-vtouch-bundle-pack
[5-Pack] Posh Pro MAX 30K Disposable,https://www.elementvape.com/posh-pro-max-bundle-pack
[5-Pack] North Vision 15K Disposable,https://www.elementvape.com/north-vision-bundle-pack
[5-Pack] Foger Switch Pro 30K Disposable,https://www.elementvape.com/foger-switch-pro-bundle-pack
[5-Pack] VNM Ice 30K Disposable,https://www.elementvape.com/vnm-ice-30k-bundle-pack
[5-Pack] AirFuze Smart 30K Disposable,https://www.elementvape.com/airfuze-smart-bundle-pack
[5-Pack] Glamee GT8000 Disposable,https://www.elementvape.com/glamee-gt8000-bundle-pack
[5-Pack] Sigelei FUCHAI 10000 Disposable,https://www.elementvape.com/sigelei-fuchai-10000-bundle-pack
[5-Pack] iJoy Captain 10000 Disposable,https://www.elementvape.com/ijoy-captain-10000-bundle-pack
[5-Pack] SMOK Priv Bar Turbo 15K Disposable,https://www.elementvape.com/smok-priv-bar-turbo-15k-bundle-pack
[5-Pack] BARZ 7000 Disposable,https://www.elementvape.com/barz-7000-disposable-bundle-pack
MNKE Bars 6500 Disposable (5-Pack),https://www.elementvape.com/mnke-bars-6500-10pk
[10-Pack] GBOX x Naked 100 5500 Disposable,https://www.elementvape.com/gbox-naked-5500-disposable-10-pack
[5-Pack] JNR Media MAX 40K Disposable,https://www.elementvape.com/jnr-media-max-bundle-pack
[5-Pack] DOJO Sphere X 40K Disposable,https://www.elementvape.com/dojo-sphere-x-bundle-pack
[5-Pack] Lost Vape REFEEL 18K Disposable,https://www.elementvape.com/lost-vape-refeel-18k-bundle-pack
[5-Pack] HQD Cuvie X 25000 Disposable,https://www.elementvape.com/hqd-cuvie-x-bundle-pack
[5-Pack] iJoy URANUS Mate 40K Disposable,https://www.elementvape.com/ijoy-uranus-mate-bundle-pack
[5-Pack] JNR Shisha Hookah Box 30K Disposable,https://www.elementvape.com/jnr-shisha-hookah-box-bundle-pack
[5-Pack] Adjust MyCool 40K Disposable,https://www.elementvape.com/adjust-mycool-bundle-pack
[5-Pack] Nasty Bar DTL100000 Disposable,https://www.elementvape.com/5-pack-nasty-bar-dtl100000-disposable
[5-Pack] DKHAAN 15000 DTL Disposable,https://www.elementvape.com/dkhaan-15k-bundle-pack
[5-Pack] Nasty Bar HOOQA 10000 DTL Disposable,https://www.elementvape.com/nasty-bar-hooqa-bundle-pack
[5-Pack] Nose Knows AT5000 Disposable,https://www.elementvape.com/nose-knows-at5000-bundle-pack
[5-Pack] Pillow Talk IC40000 Disposable,https://www.elementvape.com/pillow-talk-ic40k-bundle-pack
[5-Pack] LOSGAL MC25000 Disposable,https://www.elementvape.com/losgal-mc25k-bundle-pack
[5-Pack] MTRX MX 25K Disposable,https://www.elementvape.com/mtrx-mx-25k-bundle-pack
[10-Pack] Lost Vape Orion Bar 7500 Disposable,https://www.elementvape.com/lost-vape-orion-bar-10pk
MNKE BARS 6500 Disposable,https://www.elementvape.com/mnke-bars-6500
[5-Pack] OXBAR G8000 Disposable,https://www.elementvape.com/oxbar-g8000-10pk
[5-Pack] Kado Bar BR5000 Disposable,https://www.elementvape.com/kado-bar-br5000-10pk
[5-Pack] Gold Bar 24 Seven 24K Disposable,https://www.elementvape.com/gold-bar-24-seven-bundle-pack
[5-Pack] Memers Switcher S22K Disposable,https://www.elementvape.com/memers-switcher-bundle-pack
[5-Pack] Lost Mary Quasar OS25K Disposable,https://www.elementvape.com/lost-mary-quasar-bundle-pack
[5-Pack] SWYPE 30K Disposable,https://www.elementvape.com/swype-30k-bundle-pack
[5-Pack] NEXA PRO 30K Disposable,https://www.elementvape.com/nexa-pro-bundle-pack
[5-Pack] AirFuze Jet 20K Disposable,https://www.elementvape.com/airfuze-jet-bundle-pack
[5-Pack] Airis Alpha Touch 20K Disposable,https://www.elementvape.com/airis-alpha-touch-bundle-pack
[5-Pack] PynePod Boost Pro 20K Disposable,https://www.elementvape.com/pynepod-boost-pro-bundle-pack
OXBAR G8000 Disposable,https://www.elementvape.com/oxbar-g8000
[5-Pack] OZIBAR 18000 Disposable,https://www.elementvape.com/ozibar-18000-bundle-pack
[5-Pack] Airmez Matrix 25K Disposable,https://www.elementvape.com/airmez-matrix-25k-bundle-pack
[5-Pack] Airmez Mars 20K Disposable,https://www.elementvape.com/airmez-mars-20k-bundle-pack
Tyson 2.0 Heavyweight 7000 Disposable,https://www.elementvape.com/tyson-heavyweight-7000-disposables
[5-Pack] Hidden Hills x Fifty Bar 20K Disposable,https://www.elementvape.com/hidden-hills-x-fifty-bar-20k-bundle-pack
[5-Pack] JNR VapeWatch 30K Disposable,https://www.elementvape.com/jnr-vapewatch-bundle-pack
[5-Pack] PynePod 8500 Disposable,https://www.elementvape.com/pynepod-8500-bundle-pack
[5-Pack] Chillax 15000 Disposable,https://www.elementvape.com/chillax-15000-disposable-bundle
[5-Pack] CZAR CZ9000 Disposable,https://www.elementvape.com/czar-cz9000-bundle-pack
[5-Pack] VOZOL GEAR 10000 Disposable,https://www.elementvape.com/vozol-gear-bundle-pack
[5-Pack] VOZOL STAR 9000 Disposable,https://www.elementvape.com/vozol-star-9000-bundle-pack
[10-Pack] Snoopy Smoke Extra Tank 2 15000 Disposable,https://www.elementvape.com/snoopy-smoke-extra-tank-2-bundle-pack
[10-Pack] Lucid Charge 7000 Disposable,https://www.elementvape.com/lucid-charge-bundle-pack
[5-Pack] Snowwolf Smart HD 15K Limited Disposable,https://www.elementvape.com/snowwolf-smart-hd-15k-bundle-pack
[5-Pack] SOFI SURGE 25000 0% Zero Nicotine Disposable,https://www.elementvape.com/sofi-surge-25k-zero-nicotine-bundle-pack
[5-Pack] SOFI Surge 25K Disposable,https://www.elementvape.com/sofi-surge-25k-bundle-pack
[5-Pack] OXBAR x Pod Juice Magic Maze 2.0 30K Disposable,https://www.elementvape.com/oxbar-pod-juice-magic-maze-2
[5-Pack] Equator EQ30000 Disposable,https://www.elementvape.com/equator-eq30000-bundle-pack
[5-Pack] GIMI 30K Disposable,https://www.elementvape.com/gimi-30k-bundle-pack
[5-Pack] Off-Stamp SW16000 Disposable,https://www.elementvape.com/off-stamp-sw16k-bundle-pack
[5-Pack] RAMA 16K Disposable,https://www.elementvape.com/rama-16000-bundle-pack
[5-Pack] iJoy URANUS 25K Disposable,https://www.elementvape.com/ijoy-uranus-bundle-pack
[5-Pack] Lucid BOOST 20123 Disposable,https://www.elementvape.com/lucid-boost-20123-disposable-bundle-pack
[5-Pack] SWFT META 30K Disposable,https://www.elementvape.com/swft-meta-bundle-pack
[10-Pack] FLUM Mello 20K Disposable,https://www.elementvape.com/flum-mello-bundle-pack
[5-Pack] VIHO Supercharge Pro 20K Disposable,https://www.elementvape.com/viho-supercharge-pro-bundle-pack
[10-Pack] Flum Pebble 6000 Disposable,https://www.elementvape.com/flum-pebble-10-pack
Fog X Clarity 7000 Disposable,https://www.elementvape.com/fog-x-box-6000
[5-Pack] CB15K x Chris Brown Disposable,https://www.elementvape.com/cb15k-x-chris-brown-bundle-pack
[10-Pack] Marz Barz 7K Disposable,https://www.elementvape.com/marz-barz-7k-bundle-pack
[5-Pack] BLVK Bar 20K Disposable,https://www.elementvape.com/blvk-bar-20k-bundle-pack
[5-Pack] RAZ DC25K Disposable,https://www.elementvape.com/raz-dc25k-bundle-pack
[5-Pack] Merica Bar 20K Disposable,https://www.elementvape.com/merica-bar-bundle
[5-Pack] CZAR X CX15000 Disposable,https://www.elementvape.com/czar-cx15000-bundle-pack
[10-PACK] 7 Daze OHMLET 7000 Disposable,https://www.elementvape.com/7-daze-ohmlet-10pk
SMOK Novo Bar AL6000 Disposable,https://www.elementvape.com/smok-novo-bar-ai6000-disposable
[5-Pack] Digiflavor x Geek Bar LUSH 20K Disposable,https://www.elementvape.com/geek-bar-lush-bundle-pack
[5-Pack] Thursday 10K Disposable,https://www.elementvape.com/thursday-10k-bundle-pack
[5-Pack] Luffbar Dually 20000 Disposable,https://www.elementvape.com/luffbar-dually-bundle-pack
[5-Pack] dotmod dot v2 Disposable,https://www.elementvape.com/dotmod-dot-v2-bundle-pack
[5-Pack] Death Row DR15K Disposable,https://www.elementvape.com/death-row-dr15k-bundle-pack
[5-Pack] Luffbar Boring Tiger 25000 Disposable,https://www.elementvape.com/luffbar-boring-tiger-bundle-pack
[5-Pack] Kangvape Onee Stick Smart TC25K Disposable,https://www.elementvape.com/kangvape-onee-stick-smart-tc25k-bundle-pack
[5-Pack] Tron Bar 12K Disposable,https://www.elementvape.com/tron-bar-12k-bundle-pack
[10-PACK] UNO MAS X 10K DISPOSABLE,https://www.elementvape.com/uno-mas-x-bundle-pack
[5-Pack] Tyson 2.0 Iron Mike 15000 Disposable,https://www.elementvape.com/tyson-iron-mike-disposable-bundle-pack
[10-Pack] North FT12000 Disposable,https://www.elementvape.com/north-ft12000-disposable-bundle-pack
[5-Pack] Modus x KadoBar KB10000 Disposable,https://www.elementvape.com/modus-kadobar-kb10000-disposable-bundle-pack
[10-Pack] ECHO 8000 Disposable,https://www.elementvape.com/echo-8000-disposable-bundle-pack
[10-Pack] UPENDS Mirror Pro 12000 Disposable,https://www.elementvape.com/upends-mirror-pro-bundle-deal
[10-Pack] Prima UL9000 Disposable,https://www.elementvape.com/prima-ul9000-disposable-bundle-pack
[5-Pack] VIHO Turbo 10000 Disposable,https://www.elementvape.com/viho-turbo-10000-disposable-bundle-pack
[5-Pack] Archer 12000 Disposable,https://www.elementvape.com/archer-12000-disposable-bundle-pack
[10-Pack] CrazyAce B15000 Disposable,https://www.elementvape.com/crazyace-b15000-bundle-pack
7 Daze OHMLET 7000 Disposable,https://www.elementvape.com/7-daze-ohmlet-7000
Yogi Bar 8000 Disposable,https://www.elementvape.com/yogi-bar-8000
[5-Pack] LUME SS25000 Disposable,https://www.elementvape.com/lume-ss25000-disposable-bundle-pack
[5-Pack] Uwell Caliburn Bar S18000 Disposable,https://www.elementvape.com/uwell-caliburn-bar-s18k-bundle-pack
[5-Pack] MNKE Bars XL 25K Disposable,https://www.elementvape.com/mnke-bars-xl-bundle-pack
[5-Pack] Sugarbar x Noms 18000 Disposable,https://www.elementvape.com/sugarbar-noms-18k-bundle-pack
[5-Pack] Velocity 25K Disposable,https://www.elementvape.com/velocity-25k-bundle-pack
[5-Pack] Supermerry Bar S25K Disposable,https://www.elementvape.com/supermerry-bar-25k-bundle-pack
[5-Pack] Firerose UPLOAD 25K Disposable,https://www.elementvape.com/firerose-upload-bundle-pack
[5-Pack] Solaris 25K Disposable,https://www.elementvape.com/solaris-25k-bundle-pack
[5-Pack] Juice King A18000 Disposable,https://www.elementvape.com/juice-king-a18k-bundle-pack
[5-Pack] RIFBAR Turbo-X 15K Disposable,https://www.elementvape.com/rifbar-turbo-x-bundle-pack
[5-Pack] Digiflavor SKY 25K Disposable,https://www.elementvape.com/digiflavor-sky-bundle-pack
[5-Pack] Spaceman Nebula 25K Plus Disposable,https://www.elementvape.com/spaceman-nebula-25k-plus-bundle-pack
Naked 100 MAX G-Box 5500 Disposable,https://www.elementvape.com/gbox-x-naked-5500-disposable
Kros Nano 5000 Disposable,https://www.elementvape.com/kros-nano
[5-Pack] Ronaldinho 10 15K Disposable,https://www.elementvape.com/instapuff-ronaldinho-15k-bundle-pack
[5-Pack] iJoy Bar SD22000 Disposable,https://www.elementvape.com/ijoy-sd22000-bundle-pack
Flum Pebble 6000 Disposable,https://www.elementvape.com/flum-pebble
[5-Pack] Instabar WT15000 Disposable,https://www.elementvape.com/instabar-wt15000-bundle-pack
[5-Pack] ELUX Cyberover 18000 Disposable,https://www.elementvape.com/elux-cyberover-bundle-pack
[5-Pack] Lost Vape Movement LV18000 Disposable,https://www.elementvape.com/lost-vape-movement-lv18000-bundle-pack
[5-Pack] PLENA 18K Disposable,https://www.elementvape.com/plena-18k-bundle-pack
[5-Pack] Lost Vape Lightrise TB 18K Disposable,https://www.elementvape.com/lost-vape-lightrise-tb-18k-bundle-pack
[5-Pack] NEXA N20000 Disposable,https://www.elementvape.com/nexa-n20000-bundle-pack
[5-Pack] SPACEMAN PRISM 20K Disposable,https://www.elementvape.com/spaceman-prism-20k-bundle-pack
[5-Pack] iJoy Taijizen Judo 24000 Disposable,https://www.elementvape.com/ijoy-taijizen-judo-bundle-packs
[5-Pack] Lost Mary MT15000 Disposable,https://www.elementvape.com/lost-mary-mt15000-bundle-pack
[5-Pack] Horizon Micco N16000 Disposable,https://www.elementvape.com/horizon-micco-n16000-bundle-pack
Lost Vape Orion BAR 7500 Disposable,https://www.elementvape.com/lost-vape-orion-bar-7500
7 Daze EGGE 3000 Disposable,https://www.elementvape.com/7-daze-egge-disposable-vape
FLUM GIO 3000 Disposable Vape,https://www.elementvape.com/flum-gio-disposable
[5-Pack] VIHO Supercharge 20000 Disposable,https://www.elementvape.com/viho-supercharge-bundle-pack
[5-Pack] Lost Vape Orion Bar 10000 Disposable,https://www.elementvape.com/lost-vape-orion-bar-10000-bundle-pack
[10-Pack] SOFI X9000 0% Zero Nicotine Smart Disposable,https://www.elementvape.com/sofi-x9000-zero-bundle-pack
[10-Pack] SOFI X9000 Smart Disposable,https://www.elementvape.com/sofi-x9000-bundle-pack
[5-Pack] VAPENGIN PLUTO 7500 Disposable,https://www.elementvape.com/vapengin-pluto-bundle-pack
[5-Pack] RAZ TN9000 Disposable,https://www.elementvape.com/raz-tn9000-bundle-pack
[5-Pack] Geek Bar Pulse 15000 Disposable,https://www.elementvape.com/geek-bar-15000-bundle-pack
[5-Pack] OXBAR Magic Maze Pro 10000 Disposable,https://www.elementvape.com/oxbar-magic-maze-pro-bundle
[5-Pack] Foger CT10000 Disposable,https://www.elementvape.com/foger-ct10000-bundle-pack
SOFI X9000 Smart Disposable,https://www.elementvape.com/sofi-x9000-disposable
[5-Pack] Uwell Caliburn Bar B6000 Disposable,https://www.elementvape.com/uwell-caliburn-bar-b6000-bundle-pack
[10-Pack] FLUM UT BAR 6000 Disposable,https://www.elementvape.com/utbar-6000-bundle-pack
[10-PACK] SWFT ICON 7500 Smart Display Disposable,https://www.elementvape.com/swft-icon-bundle-pack
[5-Pack] Spaceman 10K Pro Disposable,https://www.elementvape.com/spaceman-10k-pro-bundle-pack
KROS Wireless 9000 Disposable (10-Pack),https://www.elementvape.com/kros-wireless-bundle-pack
Sigelei Smart AC10000 Disposable (5-Pack),https://www.elementvape.com/sigelei-smart-ac10000-10-pack
[10-Pack] Aloha Sun 7000 Disposable,https://www.elementvape.com/aloha-sun-7000-10-pack
Snowwolf Easy Smart EA9000 Disposable (5-Pack),https://www.elementvape.com/snowwolf-easy-smart-ea9000-5-pack
Vuse Alto Prismatic Series Tasting Kit,https://www.elementvape.com/vuse-alto-prismatic-series-kit
Vuse Alto Aqua Menthol Frost Disposable Pods,https://www.elementvape.com/vuse-alto-aqua-menthol-frost-pods
[5-Pack] Geek Bar Pulse X 25K Disposable,https://www.elementvape.com/geek-bar-pulse-x-bundle-pack
[5-Pack] Lucky Wolf Legend 25K Disposable,https://www.elementvape.com/lucky-wolf-legend-25k-bundle-pack
[5-Pack] VNM Hypercharged VM25K Disposable,https://www.elementvape.com/vnm-vm25k-bundle-pack
[5-Pack] MORF BAR TOUCH 20K Disposable,https://www.elementvape.com/morf-bar-touch-bundle-pack
[5-Pack] Lost Mary MO20000 Pro Disposable,https://www.elementvape.com/lost-mary-mo20k-bundle-pack
[5-Pack] Off-Stamp SW9000 Disposable Kit,https://www.elementvape.com/off-stamp-sw9000-disposable-bundle-pack
Blu Menthol Disposable Pods,https://www.elementvape.com/blu-menthol-disposable-pods
Blu Gold Leaf Disposable Pods,https://www.elementvape.com/blu-gold-leaf-disposable-pods
ELF CBD5000 Disposable,https://www.elementvape.com/elf-cbd5000-disposable
[10-Pack] SMOK Novo Bar AL6000 Disposable,https://www.elementvape.com/smok-novo-bar-10pk
BLANK BAR 15K Disposable Pod System,https://www.elementvape.com/blank-bar-15k-disposable-pod-system
VIHO Turbo 10000 Tobacco Disposable,https://www.elementvape.com/viho-turbo-tobacco-disposable
