Pancake Man - Boysenberry by Breakfast Classics Salts - 30mL,https://www.elementvape.com/boysenberry-pancake-man-salts
Glazed Donut - Donut Slam Salts - 30mL,https://www.elementvape.com/glazed-donut-donut-slam-salts-30ml
Strawberry Glazed Donut - Pod Juice Salts x RAZ E-Liquid - 30mL,https://www.elementvape.com/strawberry-glazed-donut-pod-juice-raz-salts
Strawberry Glazed Donut - Pod Juice x RAZ E-Liquid - 100mL,https://www.elementvape.com/strawberry-glazed-donut-pod-juice-raz
Milky Loops - The One - Beard Vape - 100mL,https://www.elementvape.com/milky-loops-the-one
Pixie Dip - Noms 100 by Nomenon - 100mL,https://www.elementvape.com/pixie-dip-nomenon
Glazed Donut Blueberry - Pod Juice - 100mL,https://www.elementvape.com/glazed-donut-blueberry-pod-juice
Strawberry Milk - Moo Salts - 30mL,https://www.elementvape.com/strawberry-milk-moo-salts
Vanilla Almond Milk - Moo Salts - 30mL,https://www.elementvape.com/vanilla-almond-milk-moo-salts
Coffee Milk - Moo Salts - 30mL,https://www.elementvape.com/coffee-milk-moo-salts
Red Velvet - The Pancake House - GOST Vapor - 100mL,https://www.elementvape.com/red-velvet-gost-vapor
Strawnana - The Pancake House - GOST Vapor - 100mL,https://www.elementvape.com/strawnana-gost-vapor
Raspberry Granola Bar - Yogi Salts E-Liquid - 30mL,https://www.elementvape.com/raspberry-granola-bar-yogi-salts
Raspberry Granola Bar - Yogi E-Liquid - 60mL,https://www.elementvape.com/raspberry-granola-bar-yogi
Citrus Granola Bar - Yogi E-Liquid - 60mL,https://www.elementvape.com/citrus-granola-bar-yogi
Grape Jam Granola Bar - Yogi Salts E-Liquid - 30mL,https://www.elementvape.com/grape-jam-granola-bar-yogi-salts
Grape Jam Granola Bar - Yogi E-Liquid - 60mL,https://www.elementvape.com/grape-jam-granola-bar-yogi
Peach Cobbler Granola Bar - Yogi Salts E-Liquid - 30mL,https://www.elementvape.com/peach-cobbler-granola-bar-yogi-salts
Peach Cobbler Granola Bar - Yogi E-Liquid - 60mL,https://www.elementvape.com/peach-cobbler-granola-bar-yogi
Blackberry Granola Bar - Yogi Salts E-Liquid - 30mL,https://www.elementvape.com/blackberry-granola-bar-yogi-salts
Blackberry Granola Bar - Yogi E-Liquid - 60mL,https://www.elementvape.com/blackberry-granola-bar-yogi
Mocha Latte - Innevape Salts - 30mL,https://www.elementvape.com/mocha-latte-innevape-salts
Mocha Latte - Innevape - 100mL,https://www.elementvape.com/mocha-latte-innevape
Unicorn Milk - Cuttwood Salts - 30mL,https://www.elementvape.com/unicorn-milk-cuttwood-salts
Boss Reserve - Cuttwood Salts - 30mL,https://www.elementvape.com/boss-reserve-cuttwood-salts
Bird Brains - Cuttwood Salts - 30mL,https://www.elementvape.com/bird-brains-cuttwood-salts
MYSTERY E-LIQUID 100/200mL Pack,https://www.elementvape.com/e-liquid-mystery-bag-200ml-edition
Mystery Nicotine Salts Pack - 60/120mL,https://www.elementvape.com/mystery-nicotine-salts-pack
Nutty Choco Crepe - Loaded E-Liquid - Ruthless Vapors - 100mL,https://www.elementvape.com/nutty-choco-crepe-loaded
Blueberry Donut - Loaded E-Liquid - Ruthless Vapors - 100mL,https://www.elementvape.com/blueberry-donut-loaded
Strawberry Cream Crepe - Loaded E-Liquid - Ruthless Vapors - 100mL,https://www.elementvape.com/strawberry-crepe-loaded
Classic Chocolate Crepe - Loaded E-Liquid - Ruthless Vapors - 100mL,https://www.elementvape.com/chocolate-crepe-loaded
Glazed Donut - Pod Juice - 100mL,https://www.elementvape.com/glazed-donut-pod-juice
JAX - The Milk Salts - 30mL,https://www.elementvape.com/jax-the-milk-salts-30ml
JAX - The Milk - 100mL,https://www.elementvape.com/jax-the-milk-100ml
Unicorn Tears - Sadboy Salts - 30mL,https://www.elementvape.com/unicorn-tears-sadboy-tear-drops
Berry Blast - The Pancake House - GOST Vapor - 100mL,https://www.elementvape.com/berry-blast-gost-vapor
Cinnamon Bun - The Pancake House - GOST Vapor - 100mL,https://www.elementvape.com/cinnamon-bun-gost-vapor
Blueberry Strawberry Kiwi Yogurt - Freenoms by Nomenon - 120mL,https://www.elementvape.com/blueberry-strawberry-kiwi-yogurt-nomenon
Dulce de Tobacco - Ruthless Vapors - 100mL,https://www.elementvape.com/dulce-de-tobacco-ruthless
Coffee Tobacco - Ruthless Vapors - 100mL,https://www.elementvape.com/coffee-tobacco-ruthless
Strawberry Lime - Fruit Monster - 100mL,https://www.elementvape.com/strawberry-lime-jam-monster
Almond Cappuccino  - Nitros Cold Brew Salts - 30mL,https://www.elementvape.com/almond-cappuccino-nitros-cold-brew-salts
White Chocolate Mocha - Nitros Cold Brew Salts - 30mL,https://www.elementvape.com/white-chocolate-mocha-nitros-cold-brew-salts
Vanilla Bean - Nitros Cold Brew Salts - 30mL,https://www.elementvape.com/vanilla-bean-nitros-cold-brew-salts
Macchiato - Nitros Cold Brew Salts - 30mL,https://www.elementvape.com/macchiato-nitro-cold-brew-salts
Almond Cappuccino  - Nitros Cold Brew - 100mL,https://www.elementvape.com/almond-cappuccino-nitros-cold-brew
White Chocolate Mocha - Nitros Cold Brew - 100mL,https://www.elementvape.com/white-chocolate-mocha-nitros-cold-brew
Vanilla Bean - Nitros Cold Brew - 100mL,https://www.elementvape.com/vanilla-bean-nitros-cold-brew
Macchiato - Nitros Cold Brew - 100mL,https://www.elementvape.com/macchiato-nitro-cold-brew
Katy's Choice - Elysian Salts - 60mL,https://www.elementvape.com/katys-choice-elysian-salts
Nana Flakes - Elysian Salts - 60mL,https://www.elementvape.com/nana-flakes-elysian-salts
Strawberry Waffle - Humble Salts - 30mL,https://www.elementvape.com/strawberry-waffle-humble-salts
Harvest - Keep It 100 Salts - 30mL,https://www.elementvape.com/autumn-harvest-salts-keep-it-100
Harvest - Keep It 100 E-Liquid - 100mL,https://www.elementvape.com/autumn-harvest-keep-it-100
Fruity - The Milk Salts - 30mL,https://www.elementvape.com/fruity-salts-jam-monster
Cinnamon - The Milk Salts - 30mL,https://www.elementvape.com/cinnamon-salts-jam-monster
Berry Crunch - The Milk Salts - 30mL,https://www.elementvape.com/berry-crunch-salts-jam-monster
Fruity - The Milk - 100mL,https://www.elementvape.com/fruity-jam-monster
Cinnamon - The Milk - 100mL,https://www.elementvape.com/cinnamon-jam-monster
Berry Crunch - The Milk - 100mL,https://www.elementvape.com/berry-crunch-jam-monster
PBLS - BSX Salts Series - 30mL,https://www.elementvape.com/pbls-basix-salts
PBLS - BSX Series - 60mL,https://www.elementvape.com/pbls-basix
American Dream - Humble Salts - 30mL,https://www.elementvape.com/american-dream-humble-tfn-salts
Caramelized Apple SALTS - The Pancake House - GOST Vapor - 30mL,https://www.elementvape.com/caramelized-apple-salts-gost-vapor
Strawberry SALTS - The Pancake House - GOST Vapor - 30mL,https://www.elementvape.com/strawberry-salts-gost-vapor
Parfait SALTS - The Milk House - GOST Vapor - 30mL,https://www.elementvape.com/parfait-salts-gost-vapor
BLGN Waffles SALTS - Innevape E-Liquids - 30mL,https://www.elementvape.com/vape-my-day-salts-innevape
BLGN Waffles - Innevape E-Liquids - 100mL,https://www.elementvape.com/vape-my-day-innevape
Pound Cake - BSX Series - 60mL,https://www.elementvape.com/pound-cake-basix
Banana - PB and Jam Monster Salts - 30mL,https://www.elementvape.com/banana-pb-jam-monster-salt
Apricot - Jam Monster Salts - 30mL,https://www.elementvape.com/apricot-jam-monster-salts
Apricot - Jam Monster - 100mL,https://www.elementvape.com/apricot-jam-monster
Parfait - The Milk House - GOST Vapor - 100mL,https://www.elementvape.com/parfait-gost-vapor
Berry O's - Cereal Series - Shijin Vapor - 100mL,https://www.elementvape.com/berry-os-shijin-vapor
Banana Nut O's - Cereal Series - Shijin Vapor - 100mL,https://www.elementvape.com/banana-nut-os-shijin-vapor
Frosted O's - Cereal Series - Shijin Vapor - 100mL,https://www.elementvape.com/frosted-os-shijin-vapor
Rocket Man - One Hit Wonder SALTS - 30mL,https://www.elementvape.com/rocket-man-one-hit-wonder-salts
Mini Muffin Man - One Hit Wonder SALTS - 30mL,https://www.elementvape.com/mini-muffin-man-one-hit-wonder-salts
Muffin Man - One Hit Wonder SALTS - 30mL,https://www.elementvape.com/muffin-man-one-hit-wonder-salts
Banana - Jam Monster Salts - 30mL,https://www.elementvape.com/banana-jam-monster-salts-30ml
Banana - Jam Monster - 100mL,https://www.elementvape.com/banana-jam-monster-liquids-100ml
Blueberry Parfait - Vapetasia SALTS - 30mL,https://www.elementvape.com/blueberry-parfait-vapetasia-salts
Strawberry Parfait - Vapetasia SALTS - 30mL,https://www.elementvape.com/strawberry-parfait-vapetasia-salts
Caramelized Apple - The Pancake House - GOST Vapor - 100mL,https://www.elementvape.com/caramel-apple-the-pancake-house
Mixed Berry - Jam Monster Salts - 30mL,https://www.elementvape.com/mixed-berry-jam-monster-salt
Mixed Berry - Jam Monster - 100mL,https://www.elementvape.com/mixed-berry-jam-monster-liquid-100ml
Graham Slam SALT - The Mamasan - 30mL,https://www.elementvape.com/graham-slam-salt-the-mamasan
Super Cereal - The Mamasan SALT - 30mL,https://www.elementvape.com/super-cereal-the-mamasan-salt-30ml
Super Cereal - The Mamasan E-Liquid - 100mL,https://www.elementvape.com/super-cereal-the-mamasan-100ml
Strawberry - PB and Jam Monster Salts - 30mL,https://www.elementvape.com/pb-jam-monster-strawberry-salt
Strawberry - PB and Jam Monster - 100mL,https://www.elementvape.com/pb-jam-monster-strawberry-jam
French Vanilla - The Pancake House - GOST Vapor - 100mL,https://www.elementvape.com/french-vanilla-stack-pancake-house
STRAWBERRY JELLY DONUT - Loaded SALTS - Ruthless Vapors - 30mL,https://www.elementvape.com/strawberry-jelly-donut-loaded-salts-ruthless-vapors-30ml
GLAZED DONUT - Loaded SALTS - Ruthless Vapors - 30mL,https://www.elementvape.com/glazed-donut-loaded-salts-ruthless-vapors-30ml
GLAZED DONUT - Loaded E-Liquid - Ruthless - 100mL,https://www.elementvape.com/glazed-donut-loaded-e-liquid-ruthless-vapors-120ml
Apple Cinnamon Granola Bar - Yogi SALTS E-Liquid - 30mL,https://www.elementvape.com/apple-cinnamon-granola-bar-yogi-salts-e-liquid-30ml
Vanilla Tobacco Granola Bar - Yogi SALTS E-Liquid - 30mL,https://www.elementvape.com/vanilla-tobacco-granola-bar-yogi-salts-e-liquid-30ml
Blueberry Banana - Coastal Clouds Co. - 60mL,https://www.elementvape.com/blueberry-banana-muffin-coastal-clouds
Apple Cinnamon Granola Bar - Yogi E-Liquid - 60mL,https://www.elementvape.com/apple-cinnamon-granola-bar-yogi-e-liquid-60ml
Vanilla Tobacco Granola Bar - Yogi E-Liquid - 60mL,https://www.elementvape.com/vanilla-tobacco-granola-bar-yogi-e-liquid-60ml
Ambrosia - Elysian Labs E-Liquid - 120mL,https://www.elementvape.com/ambrosia-elysian-labs-e-liquid-60ml
Grape - PB and Jam Monster Salts - 30mL,https://www.elementvape.com/pb-jam-monster-grape-salt
Grape - PB and Jam Monster - 100mL,https://www.elementvape.com/pb-jam-monster-grape-jam-monster-liquids-100ml
Katy's Choice - Elysian Labs E-Liquid - 120mL,https://www.elementvape.com/k-elysian-labs-e-liquid-60ml
Blackberry - Jam Monster Salts - 30mL,https://www.elementvape.com/blackberry-jam-monster-salts-e-liquid-30ml
American Dream - Humble Juice Co. - 120mL,https://www.elementvape.com/american-dream-humble-juice-co-120ml
Dragon Salt Nic - Shijin Vapor - 30mL,https://www.elementvape.com/dragon-salt-nic-shijin-vapor-30ml
Java Granola Bar - Yogi E-Liquid - 60mL,https://www.elementvape.com/java-granola-bar-yogi-e-liquid-60ml
Java Granola Bar - Yogi Salts E-Liquid - 30mL,https://www.elementvape.com/java-granola-bar-yogi-salts-e-liquid-30ml
Raspberry - The Pancake House - GOST Vapor - 100mL,https://www.elementvape.com/raspberry-hotcakes-the-pancake-house
Raspberry - Jam Monster - 100mL,https://www.elementvape.com/raspberry-jam-monster
Skadi - Elysian Salts E-Liquid - 60mL,https://www.elementvape.com/skadi-elysian-salts-e-liquid-30ml
Crunch Berries - BSX Salt Series - 30mL,https://www.elementvape.com/basix-salts-series-crunch-berries-by-glas-vapor-e-liquid-30ml
Original Granola Bar - Yogi Salts E-Liquid - 30mL,https://www.elementvape.com/original-granola-bar-yogi-salts-e-liquid-30ml
Blueberry Granola Bar - Yogi Salts E-Liquid - 30mL,https://www.elementvape.com/blueberry-granola-bar-yogi-salts-e-liquid-30ml
Peanut Butter Banana Granola Bar - Yogi Salts E-Liquid - 30mL,https://www.elementvape.com/peanut-butter-banana-granola-bar-yogi-salts-e-liquid-30ml
Strawberry Granola Bar - Yogi Salts E-Liquid - 30mL,https://www.elementvape.com/strawberry-granola-bar-yogi-salts-e-liquid-30ml
Nana Flakes - Elysian Labs E-Liquid - 120mL,https://www.elementvape.com/nana-flakes-elysian-labs-e-liquid-60ml
Rainbow Road - Vapetasia Salts - 30mL,https://www.elementvape.com/rainbow-road-vapetasia-salts
Blueberry Granola Bar - Yogi E-Liquid - 60mL,https://www.elementvape.com/blueberry-granola-bar-yogi-e-liquid-60ml
Original Granola Bar - Yogi E-Liquid - 60mL,https://www.elementvape.com/original-granola-bar-yogi-e-liquid-60ml
Strawberry Granola Bar - Yogi E-Liquid - 60mL,https://www.elementvape.com/strawberry-granola-bar-yogi-e-liquid-60ml
Blueberry - The One E-Liquid - Beard Vape Co - 100mL,https://www.elementvape.com/the-one-blueberry
ICED BERRIES - Reds Apple E-Juice - 7 Daze - 100mL,https://www.elementvape.com/iced-berries-reds-apple
BERRIES - Red's Apple E-Juice - 7 Daze - 100mL,https://www.elementvape.com/berries-reds-apple
Loops - Pod Juice - 30mL,https://www.elementvape.com/loops-pod-juice
Krunch - Keep It 100 E-Liquid - 100mL,https://www.elementvape.com/krunchy-squares-keep-it-100-e-liquid-100ml
Original Cannoli - Bam Bam's Cannoli - 100mL,https://www.elementvape.com/original-cannoli-bam-bam-s-cannoli-100ml
Rainbow Road - Vapetasia - 100mL,https://www.elementvape.com/rainbow-road-vapetasia
Strawberry - The Pancake House - GOST Vapor - 100mL,https://www.elementvape.com/glazed-strawberry-pancake-house
Banana Nuts - The Pancake House - GOST Vapor - 100mL,https://www.elementvape.com/banana-nuts-pancake-house
Blueberry - The Pancake House - GOST Vapor - 100mL,https://www.elementvape.com/blueberry-flapjacks-pancake-house
Grape - Jam Monster Liquids - 100mL,https://www.elementvape.com/grape-jam-monster
Skadi - Elysian Labs - 120mL,https://www.elementvape.com/skadi-by-elysian-labs-60ml
Wild Red - Twist E-Liquid - 120mL,https://www.elementvape.com/wild-watermelon-lemonade-by-lemon-twist-120ml
Cereal Trip - Bad Drip Labs - 60mL,https://www.elementvape.com/cereal-trip-bad-drip
Bird Brains - Cuttwood E-Liquid - 120mL,https://www.elementvape.com/bird-brains-cuttwood
Muffin Man - One Hit Wonder - 100mL,https://www.elementvape.com/muffin-man-one-hit-wonder
