Vanilla Almond Custard - The Finest Crème De La Crème - 120mL,https://www.elementvape.com/vanilla-almond-custard-finest
Vanilla Almond Milk - Moo Salts - 30mL,https://www.elementvape.com/vanilla-almond-milk-moo-salts
Blackberry Granola Bar - Yogi E-Liquid - 60mL,https://www.elementvape.com/blackberry-granola-bar-yogi
Boss Reserve - Cuttwood Salts - 30mL,https://www.elementvape.com/boss-reserve-cuttwood-salts
MYSTERY E-LIQUID 100/200mL Pack,https://www.elementvape.com/e-liquid-mystery-bag-200ml-edition
Mystery Nicotine Salts Pack - 60/120mL,https://www.elementvape.com/mystery-nicotine-salts-pack
Golden Reserve Tobacco - Bantam SALTS - 30mL,https://www.elementvape.com/golden-reserve-tobacco-bantam-salts
Almond Cappuccino  - Nitros Cold Brew Salts - 30mL,https://www.elementvape.com/almond-cappuccino-nitros-cold-brew-salts
Almond Cappuccino  - Nitros Cold Brew - 100mL,https://www.elementvape.com/almond-cappuccino-nitros-cold-brew
C. Pie Remix - Food Fighter Salts - 30mL,https://www.elementvape.com/pie-remix-food-fighter-salts
Esquire - Elysian Salts - 60mL,https://www.elementvape.com/esquire-elysian-salts
Upstate Almond Cream SALTS - Bantam Vape - 30mL,https://www.elementvape.com/upstate-almond-cream-bantam-salts
Upstate Almond Cream - Bantam Vape - 100mL,https://www.elementvape.com/upstate-almond-cream-bantam
PB Nilla - Elysian SALTS - 60mL,https://www.elementvape.com/pb-nilla-elysian-salts
BLGN Waffles SALTS - Innevape E-Liquids - 30mL,https://www.elementvape.com/vape-my-day-salts-innevape
BLGN Waffles - Innevape E-Liquids - 100mL,https://www.elementvape.com/vape-my-day-innevape
Vanilla Almond Custard - The Finest Crème De La Crème Salt Nic - 30mL,https://www.elementvape.com/vanilla-almond-custard-finest-saltnic
Banana - PB and Jam Monster - 100mL,https://www.elementvape.com/banana-pb-jam-monster
Banana Nut O's - Cereal Series - Shijin Vapor - 100mL,https://www.elementvape.com/banana-nut-os-shijin-vapor
Frosted O's - Cereal Series - Shijin Vapor - 100mL,https://www.elementvape.com/frosted-os-shijin-vapor
Toasted Tobacco SALTS - Bantam Vape - 30mL,https://www.elementvape.com/toasted-tobacco-salts-bantam-vape
Jewel Tobacco - Pod Juice - 30mL,//www.elementvape.com/jewel-tobacco-pod-juice
Pumpkin Cookie - Sadboy - 100mL,https://www.elementvape.com/pumpkin-cookie-sadboy
Strawberry Jam - Sadboy - 100mL,https://www.elementvape.com/strawberry-jam-cookie-sadboy
Keylime Cookie - Sadboy - 100mL,https://www.elementvape.com/key-lime-cookie-sadboy
Butter Cookie - Sadboy - 100mL,https://www.elementvape.com/butter-cookie-sadboy
Strawberry - PB and Jam Monster Salts - 30mL,https://www.elementvape.com/pb-jam-monster-strawberry-salt
Strawberry - PB and Jam Monster - 100mL,https://www.elementvape.com/pb-jam-monster-strawberry-jam
Apple Cinnamon Granola Bar - Yogi SALTS E-Liquid - 30mL,https://www.elementvape.com/apple-cinnamon-granola-bar-yogi-salts-e-liquid-30ml
Vanilla Tobacco Granola Bar - Yogi SALTS E-Liquid - 30mL,https://www.elementvape.com/vanilla-tobacco-granola-bar-yogi-salts-e-liquid-30ml
Apple Cinnamon Granola Bar - Yogi E-Liquid - 60mL,https://www.elementvape.com/apple-cinnamon-granola-bar-yogi-e-liquid-60ml
Banana Honey - The Finest Signature Edition - 120mL,https://www.elementvape.com/banana-honey-finest
PB Nilla - Elysian Labs - 120mL,https://www.elementvape.com/pb-nilla-elysian-labs-60ml
Java Granola Bar - Yogi Salts E-Liquid - 30mL,https://www.elementvape.com/java-granola-bar-yogi-salts-e-liquid-30ml
Humble Crumble - Humble Juice Co. - 120mL,https://www.elementvape.com/humble-crumble-humble-juice-co-120ml
Royalty II - Vapetasia Salts - 30mL,https://www.elementvape.com/royalty-ii-vapetasia-salts
Blueberry Granola Bar - Yogi E-Liquid - 60mL,https://www.elementvape.com/blueberry-granola-bar-yogi-e-liquid-60ml
Original Granola Bar - Yogi E-Liquid - 60mL,https://www.elementvape.com/original-granola-bar-yogi-e-liquid-60ml
Peanut Butter Banana Granola Bar - Yogi E-Liquid - 60mL,https://www.elementvape.com/peanut-butter-banana-granola-bar-yogi
DVNK - Cookie King - 100mL,https://www.elementvape.com/cookie-king-dvnk-by-dripmore-100ml
Choco Cream - Cookie King - 100mL,https://www.elementvape.com/cookie-king-choco-cream-by-dripmore-100ml
Royalty II - Vapetasia - 100mL,https://www.elementvape.com/royalty-ii-vapetasia
Rocket Man - One Hit Wonder - 100mL,https://www.elementvape.com/rocket-man-one-hit-wonder
Jewel Mint - Pod Juice - 30mL,//www.elementvape.com/cool-mint-pod-juice
Yellow Peach - Twist E-Liquid - 120mL,//www.elementvape.com/peach-blossom-lemonade-by-lemon-twist-120ml
Butterscotch - Custard Monster Salts - 30mL,//www.elementvape.com/butterscotch-custard-monster-salt
Butterscotch - Custard Monster - 100mL,//www.elementvape.com/butterscotch-custard-monster
Strawberry Banana - ELF VPR3000 Salts - 30mL,//www.elementvape.com/strawberry-banana-elf-vpr3000-salts
Unicorn Milk - Cuttwood - 120mL,//www.elementvape.com/unicorn-milk-cuttwood
Strawberry Cream - Juice Head - 100mL,//www.elementvape.com/strawberry-cream-juice-head
Mighty Mint - VGOD SaltNic - 30mL,//www.elementvape.com/mighty-mint-vgod-saltnic-30ml
Spearmint - I Love Salts - 30mL,//www.elementvape.com/spearmint-gum-i-love-salts
