Blu Gold Leaf Disposable Pods,https://www.elementvape.com/blu-gold-leaf-disposable-pods
VNT - Four Seasons Salt - 30mL,https://www.elementvape.com/vnt-four-seasons-salt
VNT - Four Seasons - 60mL,https://www.elementvape.com/vnt-four-seasons
Menthol Tobacco - Coastal Clouds Salts - 30mL,https://www.elementvape.com/menthol-tobacco-coastal-clouds-salts
Menthol Tobacco - Coastal Clouds Co. - 60mL,https://www.elementvape.com/menthol-tobacco-coastal-clouds
Caramel Tobacco - Johnny Creampuff Salts - 30mL,https://www.elementvape.com/caramel-tobacco-johhny-creampuff-salts
Caramel Tobacco - Johnny Creampuff - 100mL,https://www.elementvape.com/caramel-tobacco-johhny-creampuff
Tobacco - Humble Salts - 30mL,https://www.elementvape.com/tobacco-humble-salts
Vanilla Tobacco - Coastal Clouds Salt - 30mL,https://www.elementvape.com/vanilla-tobacco-coastal-clouds-salt
Jewel Tobacco - Pod Juice - 100mL,https://www.elementvape.com/jewel-tobacco-pod-juice-100ml
Tobacco Trail - Cuttwood Salts - 30mL,https://www.elementvape.com/tobacco-trail-cuttwood-salts
Iced Dry Tobacco - VGOD SaltNic - 30mL,https://www.elementvape.com/iced-dry-tobacco-vgod-saltnic
MYSTERY E-LIQUID 100/200mL Pack,https://www.elementvape.com/e-liquid-mystery-bag-200ml-edition
Mystery Nicotine Salts Pack - 60/120mL,https://www.elementvape.com/mystery-nicotine-salts-pack
Virginia Tobacco SALT - Four Seasons - 30mL,https://www.elementvape.com/virginia-tobacco-four-seasons-salt
Virginia Tobacco - Four Seasons - 60mL,https://www.elementvape.com/virginia-tobacco-four-seasons
Silver Blend - Nasty Juice - 60mL,https://www.elementvape.com/silver-blend-nasty-juice
Bronze Blend - Nasty Juice - 60mL,https://www.elementvape.com/bronze-blend-nasty-juice
Smooth Tobacco - Mad Hatter - 60mL,https://www.elementvape.com/smooth-tobacco-mad-hatter
Tobacco - Bar Juice - 100mL,https://www.elementvape.com/tobacco-bar-juice-100ml
Tobacco - Bar Juice - 30mL,https://www.elementvape.com/tobacco-bar-juice-30ml
Virginia Tobacco - Pod Juice - 30mL,https://www.elementvape.com/virginia-tobacco-pod-juice-salts
Virginia Tobacco - Pod Juice - 100mL,https://www.elementvape.com/virginia-tobacco-pod-juice
Tobacco - Humble Juice Co. - 120mL,https://www.elementvape.com/tobacco-humble
Blue Tobacco - BSX Salt Series - 30mL,https://www.elementvape.com/tobacco-blue-glas-salts
Brown Tobacco - BSX Salt Series - 30mL,https://www.elementvape.com/tobacco-brown-glas-salts
Black Tobacco - BSX Salt Series - 30mL,https://www.elementvape.com/tobacco-black-glas-salts
Black Tobacco - BSX Series - 60mL,https://www.elementvape.com/tobacco-black-glas
Brown Tobacco - BSX Series - 60mL,https://www.elementvape.com/tobacco-brown-glas
Blue Tobacco - BSX Series - 60mL,https://www.elementvape.com/tobacco-blue-glas
Apple Bourbon Tobacco - JUS E-Liquid - 60mL,https://www.elementvape.com/apple-bourbon-tobacco-jus
Sunset Harvest Tobacco - Bantam SALTS - 30mL,https://www.elementvape.com/sunset-harvest-tobacco-bantam-salts
Golden Reserve Tobacco - Bantam SALTS - 30mL,https://www.elementvape.com/golden-reserve-tobacco-bantam-salts
Arctic Menthol - Bantam SALTS - 30mL,https://www.elementvape.com/arctic-menthol-bantam-salts
Sunset Harvest Tobacco - Bantam Vape - 100mL,https://www.elementvape.com/summer-harvest-tobacco-bantam
Golden Reserve Tobacco - Bantam Vape - 100mL,https://www.elementvape.com/golden-reserve-tobacco-bantam
Arctic Menthol - Bantam Vape - 100mL,https://www.elementvape.com/arctic-menthol-bantam
Dulce de Tobacco - Ruthless Vapors - 100mL,https://www.elementvape.com/dulce-de-tobacco-ruthless
Coffee Tobacco - Ruthless Vapors - 100mL,https://www.elementvape.com/coffee-tobacco-ruthless
7obacco - 7 Daze Salt - 30mL,https://www.elementvape.com/7obacco-7-daze-salts
7obacco - 7 Daze E-Liquid - 100mL,https://www.elementvape.com/7obacco-7-daze
Esquire - Elysian Salts - 60mL,https://www.elementvape.com/esquire-elysian-salts
Esquire - Elysian Labs - 120mL,https://www.elementvape.com/esquire-elysian
Bacco - Keep It 100 - 100mL,https://www.elementvape.com/bacco-keep-it-100
Tobacco Silver No. 1 - Twist E-Liquid - 120mL,https://www.elementvape.com/tobacco-silver-no-1-twist
Tobacco Platinum No. 1 - Twist E-Liquid - 120mL,https://www.elementvape.com/tobacco-platinum-no-1-twist
Tobacco Gold No. 1 - Twist E-Liquid - 120mL,https://www.elementvape.com/tobacco-gold-no-1-twist-e-liquid
Tobacco SALT - The Graham - Mamasan E-Liquid - 30mL,https://www.elementvape.com/tobacco-graham-mamasan-salt
Tobacco Gold No. 1 - Twist SALT E-Liquid - 60mL,https://www.elementvape.com/tobacco-gold-no-1-twist
Wild Fire - Propaganda SALTS E-Liquid - 30mL,https://www.elementvape.com/wildfire-propaganda-salts
TNT Tobacco Menthol SALTS - Innevape E-Liquids - 30mL,https://www.elementvape.com/tnt-menthol-salts-innevape
TNT Tobacco Menthol - Innevape E-Liquids - 100mL,https://www.elementvape.com/tnt-menthol-innevape
TNT Tobacco SALTS - Innevape E-Liquids - 30mL,https://www.elementvape.com/tnt-salts-innevape
TNT Tobacco - Innevape E-Liquids - 100mL,https://www.elementvape.com/tnt-innevape
Turkish Tobacco - Four Seasons - 60mL,https://www.elementvape.com/turkish-tobacco-four-seasons
Desert Tobacco - Four Seasons - 60mL,https://www.elementvape.com/desert-tobacco-four-seasons
Menthol Tobacco - Four Seasons - 60mL,https://www.elementvape.com/menthol-tobacco-four-seasons
American Tobacco - Four Seasons - 60mL,https://www.elementvape.com/american-tobacco-four-seasons
Turkish Tobacco SALT - Four Seasons - 30mL,https://www.elementvape.com/turkish-tobacco-salt-four-seasons
Desert Tobacco SALT - Four Seasons - 30mL,https://www.elementvape.com/desert-tobacco-salt-four-seasons
Menthol Tobacco SALT - Four Seasons - 30mL,https://www.elementvape.com/menthol-tobacco-salt-four-seasons
American Tobacco SALT - Four Seasons - 30mL,https://www.elementvape.com/american-tobacco-salt-four-seasons
RY4 Tobacco SALT - Four Seasons - 30mL,https://www.elementvape.com/ry4-tobacco-salt-four-seasons
Custard Tobacco - Air Factory SALTS - 30mL,https://www.elementvape.com/custard-tobacco-air-factory-salts
Custard Tobacco - Air Factory E-Liquid - 60mL,https://www.elementvape.com/custard-tobacco-air-factory
Tobacco - Air Factory E-Liquid - 60mL,https://www.elementvape.com/tobacco-air-factory
Business - Elysian SALTS - 60mL,https://www.elementvape.com/business-elysian-salts
Gentleman - Elysian SALTS - 60mL,https://www.elementvape.com/gentleman-elysian-salts
Business - Elysian Labs - 120mL,https://www.elementvape.com/business-elysian-labs
Gentleman - Elysian Labs - 120mL,https://www.elementvape.com/gentleman-elysian-labs
Toasted Tobacco SALTS - Bantam Vape - 30mL,https://www.elementvape.com/toasted-tobacco-salts-bantam-vape
Tobacco SALTS - Bantam Vape - 30mL,https://www.elementvape.com/tobacco-salts-bantam-vape
Toasted Tobacco - Bantam Vape - 60mL,https://www.elementvape.com/toasted-tobacco-bantam-vape
Tobacco - Bantam Vape - 60mL,https://www.elementvape.com/tobacco-bantam-vape
Tobacco - Air Factory SALTS E-Liquids - 30mL,https://www.elementvape.com/tobacco-air-factory-salts
Menthol - Tobacco Monster Salts - 30mL,https://www.elementvape.com/menthol-salt-tobacco-monster
Smooth - Tobacco Monster Salts - 30mL,https://www.elementvape.com/smooth-salt-tobacco-monster
Rich - Tobacco Monster Salts - 30mL,https://www.elementvape.com/rich-salt-tobacco-monster
Bold - Tobacco Monster Salts - 30mL,https://www.elementvape.com/bold-salt-tobacco-monster
Menthol - Tobacco Monster - 100mL,https://www.elementvape.com/menthol-tobacco-monster
Smooth - Tobacco Monster - 100mL,https://www.elementvape.com/smooth-tobacco-monster
Rich - Tobacco Monster - 100mL,https://www.elementvape.com/rich-tobacco-monster-liquids-60ml
Bold - Tobacco Monster - 100mL,https://www.elementvape.com/bold-tobacco-monster
Cubano Black - VGOD E-Liquid - 60mL,https://www.elementvape.com/cubano-black-vgod-e-liquid-60ml
Cubano - VGOD E-Liquid - 60mL,https://www.elementvape.com/cubano-vgod-e-liquid-60ml
Tobacco - Coastal Clouds Co. - 60mL,https://www.elementvape.com/cuban-coastal-clouds
Jewel Tobacco - Pod Juice - 30mL,//www.elementvape.com/jewel-tobacco-pod-juice
Cuban Blend - NKD100 Salt E-Liquid - 30mL,https://www.elementvape.com/cuban-blend-nkd-100-salt
Euro Gold - NKD 100 Salt E-Liquid - 30mL,https://www.elementvape.com/euro-gold-nkd-100-salt
Cubano Silver - VGOD E-Liquid - 60mL,https://www.elementvape.com/cubano-silver-vgod-e-liquid-60ml
Tobacco - Coastal Clouds Co. - 30mL,https://www.elementvape.com/saltwater-tobacco-coastal-clouds
Silver Blend - Nasty SALT - 30mL,https://www.elementvape.com/silver-blend-nasty-salt-30ml
Bronze Blend - Nasty SALT - 30mL,https://www.elementvape.com/bronze-blend-nasty-salt-30ml
Vanilla Tobacco Granola Bar - Yogi SALTS E-Liquid - 30mL,https://www.elementvape.com/vanilla-tobacco-granola-bar-yogi-salts-e-liquid-30ml
Vanilla Tobacco Granola Bar - Yogi E-Liquid - 60mL,https://www.elementvape.com/vanilla-tobacco-granola-bar-yogi-e-liquid-60ml
Apple Tobacco - Pachamama SALTS - 30mL,https://www.elementvape.com/apple-tobacco-pachamama-salts
Cubano Silver - VGOD SaltNic - 30mL,https://www.elementvape.com/cubano-silver-vgod-saltnic-30ml
Sweet Caramel Tobacco SALT - BLVK - 30mL,https://www.elementvape.com/caramel-salt-blvk-unicorn-30ml
Cuban Cigar SALT - BLVK - 30mL,https://www.elementvape.com/cuban-cigar-salt-blvk-unicorn-30ml
Cubano - VGOD SaltNic - 30mL,https://www.elementvape.com/cubano-vgod-saltnic-30ml
Cubano Black - VGOD SaltNic - 30mL,https://www.elementvape.com/cubano-black-vgod-saltnic-30ml
Dry Tobacco - VGOD SaltNic - 30mL,https://www.elementvape.com/dry-tobacco-vgod-saltnic-30ml
Sweet Tobacco - I Love Salts - 30mL,https://www.elementvape.com/sweet-tobacco-i-love-salts
American Patriots - NKD 100 Salt E-Liquid - 30mL,https://www.elementvape.com/american-patriots-nkd-100-salt
Butterscotch Reserve - BSX Series - 60mL,https://www.elementvape.com/basix-butterscotch-reserve-glas
Euro Gold - Naked 100 Tobacco - 60mL,https://www.elementvape.com/euro-gold-naked-100-tobacco
Cuban Blend - Naked 100 Tobacco - 60mL,https://www.elementvape.com/cuban-blend-naked-100-tobacco
American Patriots - Naked 100 Tobacco - 60mL,https://www.elementvape.com/american-patriot-naked-100-tobacco
Tobacco Trail - Cuttwood E-Liquid - 120mL,https://www.elementvape.com/tobacco-trail-cuttwood
Jewel Mint - Pod Juice - 30mL,//www.elementvape.com/cool-mint-pod-juice
Yellow Peach - Twist E-Liquid - 120mL,//www.elementvape.com/peach-blossom-lemonade-by-lemon-twist-120ml
Butterscotch - Custard Monster Salts - 30mL,//www.elementvape.com/butterscotch-custard-monster-salt
Butterscotch - Custard Monster - 100mL,//www.elementvape.com/butterscotch-custard-monster
Strawberry Banana - ELF VPR3000 Salts - 30mL,//www.elementvape.com/strawberry-banana-elf-vpr3000-salts
Unicorn Milk - Cuttwood - 120mL,//www.elementvape.com/unicorn-milk-cuttwood
Strawberry Cream - Juice Head - 100mL,//www.elementvape.com/strawberry-cream-juice-head
Mighty Mint - VGOD SaltNic - 30mL,//www.elementvape.com/mighty-mint-vgod-saltnic-30ml
Spearmint - I Love Salts - 30mL,//www.elementvape.com/spearmint-gum-i-love-salts
