French Dude - Cinnamon Sugar by Breakfast Classics - 100mL,https://www.elementvape.com/cinnamon-sugar-french-dude
French Dude - Blueberry by Breakfast Classics - 100mL,https://www.elementvape.com/blueberry-french-dude
French Dude - Apple Fritter by Breakfast Classics - 100mL,https://www.elementvape.com/apple-fritter-french-dude
Pancake Man - Strawberry by Breakfast Classics - 100mL,https://www.elementvape.com/strawberry-pancake-man
Pancake Man - Double Berry by Breakfast Classics - 100mL,https://www.elementvape.com/double-berry-pancake-man
Pancake Man - Boysenberry by Breakfast Classics Salts - 30mL,https://www.elementvape.com/boysenberry-pancake-man-salts
Glazed Donut - Donut Slam Salts - 30mL,https://www.elementvape.com/glazed-donut-donut-slam-salts-30ml
Glazed Donut - Donut Slam - 100mL,https://www.elementvape.com/glazed-donut-slam-juice
Lit Lemon Tart - Pod Monster Salts - 60mL,https://www.elementvape.com/lit-lemon-tart-pod-monster-salts
Strawberry Glazed Donut - Pod Juice Salts x RAZ E-Liquid - 30mL,https://www.elementvape.com/strawberry-glazed-donut-pod-juice-raz-salts
Strawberry Glazed Donut - Pod Juice x RAZ E-Liquid - 100mL,https://www.elementvape.com/strawberry-glazed-donut-pod-juice-raz
Mother's Milk and Cookies - Suicide Bunny Salts - 30mL,https://www.elementvape.com/mothers-milk-and-cookies-suicide-bunny-salts
Mango - Jam Monster Liquid - 100mL,https://www.elementvape.com/mango-jam-monster
Glazed Donut Blueberry - Pod Juice - 100mL,https://www.elementvape.com/glazed-donut-blueberry-pod-juice
Fried Banana - Humble Salts - 30mL,https://www.elementvape.com/fried-banana-humble-salts
Strawnana - The Pancake House - GOST Vapor - 100mL,https://www.elementvape.com/strawnana-gost-vapor
Raspberry Granola Bar - Yogi Salts E-Liquid - 30mL,https://www.elementvape.com/raspberry-granola-bar-yogi-salts
Raspberry Granola Bar - Yogi E-Liquid - 60mL,https://www.elementvape.com/raspberry-granola-bar-yogi
Citrus Granola Bar - Yogi E-Liquid - 60mL,https://www.elementvape.com/citrus-granola-bar-yogi
Grape Jam Granola Bar - Yogi Salts E-Liquid - 30mL,https://www.elementvape.com/grape-jam-granola-bar-yogi-salts
Grape Jam Granola Bar - Yogi E-Liquid - 60mL,https://www.elementvape.com/grape-jam-granola-bar-yogi
Peach Cobbler Granola Bar - Yogi Salts E-Liquid - 30mL,https://www.elementvape.com/peach-cobbler-granola-bar-yogi-salts
Peach Cobbler Granola Bar - Yogi E-Liquid - 60mL,https://www.elementvape.com/peach-cobbler-granola-bar-yogi
Blackberry Granola Bar - Yogi Salts E-Liquid - 30mL,https://www.elementvape.com/blackberry-granola-bar-yogi-salts
Blackberry Granola Bar - Yogi E-Liquid - 60mL,https://www.elementvape.com/blackberry-granola-bar-yogi
Strawberry Crumble - Air Factory Salts - 30mL,https://www.elementvape.com/strawberry-crumble-air-factory-salts
Strawberry Crumble - Air Factory - 60mL,https://www.elementvape.com/strawberry-crumble-air-factory
Glazed Donut Peblz - Pod Juice - 100mL,https://www.elementvape.com/glazed-donut-peblz-pod-juice
Gingerbread Crunch - Custard Monster Salts - 30mL,https://www.elementvape.com/gingerbread-crunch-custard-monster-salts
Gingerbread Crunch - Custard Monster - 100mL,https://www.elementvape.com/gingerbread-crunch-custard-monster
Boss Reserve - Cuttwood Salts - 30mL,https://www.elementvape.com/boss-reserve-cuttwood-salts
Shamrock Cookie - Sadboy - 100mL,https://www.elementvape.com/shamrock-cookie-sadboy
Lemoncake Custard - Mr Custard Salts - 30mL,https://www.elementvape.com/lemoncake-custard-mr-custard-salts
Lemoncake Custard - Mr Custard - 100mL,https://www.elementvape.com/lemoncake-custard-mr-custard
MYSTERY E-LIQUID 100/200mL Pack,https://www.elementvape.com/e-liquid-mystery-bag-200ml-edition
Mystery Nicotine Salts Pack - 60/120mL,https://www.elementvape.com/mystery-nicotine-salts-pack
Rocky - Silverback Juice Co. Salts - 30mL,https://www.elementvape.com/rocky-silverback-salts
I Love Donuts - Mad Hatter Juice - 60mL,https://www.elementvape.com/i-love-donuts-mad-hatter
I Love Cookies - Mad Hatter Juice - 60mL,https://www.elementvape.com/i-love-cookies-mad-hatter
Coconut Cake - Sadboy Salts - 30mL,https://www.elementvape.com/coconut-cake-sadboy-salts
Coconut Cake - Sadboy - 100mL,https://www.elementvape.com/coconut-cake-sadboy
Blueberry Crepe - Loaded E-Liquid - Ruthless Vapors - 100mL,https://www.elementvape.com/blueberry-crepe-loaded
Nutty Choco Crepe - Loaded E-Liquid - Ruthless Vapors - 100mL,https://www.elementvape.com/nutty-choco-crepe-loaded
Blueberry Donut - Loaded E-Liquid - Ruthless Vapors - 100mL,https://www.elementvape.com/blueberry-donut-loaded
Strawberry Cream Crepe - Loaded E-Liquid - Ruthless Vapors - 100mL,https://www.elementvape.com/strawberry-crepe-loaded
Classic Chocolate Crepe - Loaded E-Liquid - Ruthless Vapors - 100mL,https://www.elementvape.com/chocolate-crepe-loaded
Glazed Donut - Pod Juice - 100mL,https://www.elementvape.com/glazed-donut-pod-juice
Strawberry Cheesecake - Sadboy - 100mL,https://www.elementvape.com/strawberry-cheesecake-sadboy
Strawberry Cheesecake - Sadboy Salts - 30mL,https://www.elementvape.com/strawberry-cheesecake-sadboy-salts
Unicorn Tears - Sadboy Salts - 30mL,https://www.elementvape.com/unicorn-tears-sadboy-tear-drops
Keylime Cookie - Sadboy Salts - 30mL,https://www.elementvape.com/key-lime-cookie-sadboy-tear-drops
Strawberry Farm Cake - Fresh Farms Salts - 30mL,https://www.elementvape.com/strawberry-farm-cake-fresh-farms-salts
Strawberry Farm Cake - Fresh Farms - 60mL,https://www.elementvape.com/strawberry-farm-cake-fresh-farms
Key Lime Cookie - JUS E-Liquid - 60mL,https://www.elementvape.com/key-lime-cookie-jus
Key Lime Cookie - JUS Salts - 30mL,https://www.elementvape.com/key-lime-cookie-jus-salts
Glazed Donut - BSX Series - 60mL,https://www.elementvape.com/glazed-donut-basix-glas
Lemon Pie Custard - Syn Liquid - 100mL,https://www.elementvape.com/lemon-pie-custard-syn-liquids
Berry Blast - The Pancake House - GOST Vapor - 100mL,https://www.elementvape.com/berry-blast-gost-vapor
Funfetti - The Pancake House - GOST Vapor - 100mL,https://www.elementvape.com/funfetti-gost-vapor
Cinnamon Bun - The Pancake House - GOST Vapor - 100mL,https://www.elementvape.com/cinnamon-bun-gost-vapor
Sweet Cream - Juice Head - 100mL,https://www.elementvape.com/sweet-cream-juice-head
Cake Batter - Juice Head - 100mL,https://www.elementvape.com/cake-batter-juice-head
Fried Banana - Humble Juice Co - 120mL,https://www.elementvape.com/humble-juice-co-fried-banana
Mothers Milk and Cookies - Suicide Bunny - 120mL,https://www.elementvape.com/mothers-milk-and-cookies-suicide-bunny
Creme Brulee - Jimmy The Juiceman - 120mL,https://www.elementvape.com/creme-brulee-jimmy-the-juiceman
Mothers Milk - Suicide Bunny - 120mL,https://www.elementvape.com/mothers-milk-suicide-bunny
Derailed - Suicide Bunny - 120mL,https://www.elementvape.com/derailed-suicide-bunny
Strawberry Lime - Fruit Monster - 100mL,https://www.elementvape.com/strawberry-lime-jam-monster
Cookie Frappe - Nitros Cold Brew Salts - 30mL,https://www.elementvape.com/cookie-frappe-nitros-cold-brew-salts
Key Lime Pie - Nitros Cold Brew Salts - 30mL,https://www.elementvape.com/key-lime-pie-nitros-cold-brew-salts
Cookie Frappe - Nitros Cold Brew - 100mL,https://www.elementvape.com/cookie-frappe-nitros-cold-brew
The Raging Donut Remix - Food Fighter Salts - 30mL,https://www.elementvape.com/the-raging-donut-remix-food-fighter-salts
The Raging Donut - Food Fighter Salts - 30mL,https://www.elementvape.com/the-raging-donut-food-fighter-salts
Pound It Remix - Food Fighter Salts - 30mL,https://www.elementvape.com/pound-it-remix-food-fighter-salts
Pound It - Food Fighter Salts - 30mL,https://www.elementvape.com/pound-it-food-fighter-salts
C. Pie Remix - Food Fighter Salts - 30mL,https://www.elementvape.com/pie-remix-food-fighter-salts
C. Pie - Food Fighter Salts - 30mL,https://www.elementvape.com/pie-food-fighter-salts
The Raging Donut Remix - Food Fighter - 120mL,https://www.elementvape.com/the-raging-donut-remix-food-fighter-juice
Pound It Remix - Food Fighter - 120mL,https://www.elementvape.com/pound-it-remix-food-fighter-juice
Pound It - Food Fighter - 120mL,https://www.elementvape.com/pound-it-food-fighter-juice
C. Pie - Food Fighter - 120mL,https://www.elementvape.com/pie-food-fighter-juice
Ambrosia - Elysian Salts - 60mL,https://www.elementvape.com/ambrosia-elysian-salts
Na'Nilla - Elysian Salts - 60mL,https://www.elementvape.com/nanilla-elysian-salts
Na'Nilla - Elysian Labs - 120mL,https://www.elementvape.com/nanilla-elysian
Strawberry Waffle - Humble Salts - 30mL,https://www.elementvape.com/strawberry-waffle-humble-salts
Frosted Cronut - PACHA Syn Salts - 30mL,https://www.elementvape.com/frosted-cronut-pachamama-salts
Nana Foster Salts - Keep It 100 - 30mL,https://www.elementvape.com/nana-foster-salts-keep-it-100
Nana Foster - Keep It 100 - 100mL,https://www.elementvape.com/nana-foster-keep-it-100
Harvest - Keep It 100 Salts - 30mL,https://www.elementvape.com/autumn-harvest-salts-keep-it-100
Harvest - Keep It 100 E-Liquid - 100mL,https://www.elementvape.com/autumn-harvest-keep-it-100
Frosted Amber - Twist SALT E-Liquid - 60mL,https://www.elementvape.com/frosted-amber-twist-salts
PBLS - BSX Salts Series - 30mL,https://www.elementvape.com/pbls-basix-salts
American Dream - Humble Salts - 30mL,https://www.elementvape.com/american-dream-humble-tfn-salts
Humble Crumble - Humble Salts - 30mL,https://www.elementvape.com/humble-crumble-humble-tfn-salts
Blueberry Cake - BSX Salts Series - 30mL,https://www.elementvape.com/blueberry-cake-salts-basix
Blueberry SALTS - The Pancake House - GOST Vapor - 30mL,https://www.elementvape.com/blueberry-salts-gost-vapor
PB Nilla - Elysian SALTS - 60mL,https://www.elementvape.com/pb-nilla-elysian-salts
Nilla Bee - Elysian SALTS - 60mL,https://www.elementvape.com/nilla-bee-elysian-salts
Nilla Express - Elysian SALTS - 60mL,https://www.elementvape.com/nilla-express-elysian-salts
Upside Down Nilla - Elysian SALTS - 60mL,https://www.elementvape.com/upside-down-nilla-elysian-salts
StraNilla - Elysian SALTS - 60mL,https://www.elementvape.com/stranilla-elysian-salts
BLGN Waffles SALTS - Innevape E-Liquids - 30mL,https://www.elementvape.com/vape-my-day-salts-innevape
BLGN Waffles - Innevape E-Liquids - 100mL,https://www.elementvape.com/vape-my-day-innevape
Tobacco SALT - The Graham - Mamasan E-Liquid - 30mL,https://www.elementvape.com/tobacco-graham-mamasan-salt
Blueberry SALT - The Graham - Mamasan E-Liquid - 30mL,https://www.elementvape.com/blueberry-graham-mamasan-salt
Strawberry SALT - The Graham - Mamasan E-Liquid - 30mL,https://www.elementvape.com/strawberry-graham-mamasan-salt
Pound Cake - BSX Series - 60mL,https://www.elementvape.com/pound-cake-basix
Tres Leches - Coastal Clouds Co. - 60mL,https://www.elementvape.com/tres-leches-coastal-clouds-co
Cookie Butter - Propaganda SALTS E-Liquid - 30mL,https://www.elementvape.com/cookie-butter-propaganda-salts
Apricot - Jam Monster Salts - 30mL,https://www.elementvape.com/apricot-jam-monster-salts
Apricot - Jam Monster - 100mL,https://www.elementvape.com/apricot-jam-monster
Fairgrounds - Met4 SALTS - 30mL,https://www.elementvape.com/fairgrounds-met4-salts
Graham Cracker - The Milk House - GOST Vapor - 100mL,https://www.elementvape.com/cinnamon-cracker-gost-vapor
Banana Nut O's - Cereal Series - Shijin Vapor - 100mL,https://www.elementvape.com/banana-nut-os-shijin-vapor
Mini Muffin Man - One Hit Wonder SALTS - 30mL,https://www.elementvape.com/mini-muffin-man-one-hit-wonder-salts
Muffin Man - One Hit Wonder SALTS - 30mL,https://www.elementvape.com/muffin-man-one-hit-wonder-salts
Army Man - One Hit Wonder SALTS - 30mL,https://www.elementvape.com/army-man-one-hit-wonder-salts
Banana - Jam Monster Salts - 30mL,https://www.elementvape.com/banana-jam-monster-salts-30ml
Banana - Jam Monster - 100mL,https://www.elementvape.com/banana-jam-monster-liquids-100ml
Maple Butter - Coastal Clouds Co. - 60mL,https://www.elementvape.com/maple-butter-coastal-clouds
Jewel Mint - Pod Juice - 30mL,//www.elementvape.com/cool-mint-pod-juice
Jewel Tobacco - Pod Juice - 30mL,//www.elementvape.com/jewel-tobacco-pod-juice
Yellow Peach - Twist E-Liquid - 120mL,//www.elementvape.com/peach-blossom-lemonade-by-lemon-twist-120ml
Butterscotch - Custard Monster Salts - 30mL,//www.elementvape.com/butterscotch-custard-monster-salt
Butterscotch - Custard Monster - 100mL,//www.elementvape.com/butterscotch-custard-monster
Strawberry Banana - ELF VPR3000 Salts - 30mL,//www.elementvape.com/strawberry-banana-elf-vpr3000-salts
Unicorn Milk - Cuttwood - 120mL,//www.elementvape.com/unicorn-milk-cuttwood
Strawberry Cream - Juice Head - 100mL,//www.elementvape.com/strawberry-cream-juice-head
Mighty Mint - VGOD SaltNic - 30mL,//www.elementvape.com/mighty-mint-vgod-saltnic-30ml
Spearmint - I Love Salts - 30mL,//www.elementvape.com/spearmint-gum-i-love-salts
