Pancake Man - Double Berry by Breakfast Classics - 100mL,https://www.elementvape.com/double-berry-pancake-man
Pixie Dip - Noms 100 by Nomenon - 100mL,https://www.elementvape.com/pixie-dip-nomenon
Guava Mango Peach - Noms 100 by Nomenon - 100mL,https://www.elementvape.com/guava-peach-mango-cream-nomenon
Mother's Milk and Cookies - Suicide Bunny Salts - 30mL,https://www.elementvape.com/mothers-milk-and-cookies-suicide-bunny-salts
Madrina - Suicide Bunny Salts - 30mL,https://www.elementvape.com/madrina-suicide-bunny-salts
Sucker Punch - Suicide Bunny Salts - 30mL,https://www.elementvape.com/sucker-punch-suicide-bunny-salts
Mother's Milk - Suicide Bunny Salts - 30mL,https://www.elementvape.com/mothers-milk-suicide-bunny-salts
Vanilla Almond Custard - The Finest Crème De La Crème - 120mL,https://www.elementvape.com/vanilla-almond-custard-finest
Strawberry Milk - Moo Salts - 30mL,https://www.elementvape.com/strawberry-milk-moo-salts
Vanilla Almond Milk - Moo Salts - 30mL,https://www.elementvape.com/vanilla-almond-milk-moo-salts
Red Velvet - The Pancake House - GOST Vapor - 100mL,https://www.elementvape.com/red-velvet-gost-vapor
Strawberry - The Milk Salts - 30mL,https://www.elementvape.com/strawberry-the-milk-salts
Strawberry - The Milk - 100mL,https://www.elementvape.com/strawberry-the-milk
Gingerbread Crunch - Custard Monster Salts - 30mL,https://www.elementvape.com/gingerbread-crunch-custard-monster-salts
Gingerbread Crunch - Custard Monster - 100mL,https://www.elementvape.com/gingerbread-crunch-custard-monster
Unicorn Milk - Cuttwood Salts - 30mL,https://www.elementvape.com/unicorn-milk-cuttwood-salts
Sugar Drizzle - Cuttwood Salts - 30mL,https://www.elementvape.com/sugar-drizzle-cuttwood-salts
Boss Reserve - Cuttwood Salts - 30mL,https://www.elementvape.com/boss-reserve-cuttwood-salts
Bird Brains - Cuttwood Salts - 30mL,https://www.elementvape.com/bird-brains-cuttwood-salts
Vanilla Custard - Mr Custard Salts - 30mL,https://www.elementvape.com/vanilla-custard-mr-custard-salts
Strawberry Vanilla Custard - Mr Custard Salts - 30mL,https://www.elementvape.com/strawberry-vanilla-custard-mr-custard-salts
Lemoncake Custard - Mr Custard Salts - 30mL,https://www.elementvape.com/lemoncake-custard-mr-custard-salts
Cinnamon Custard - Mr Custard Salts - 30mL,https://www.elementvape.com/cinnamon-custard-mr-custard-salts
Strawberry Vanilla Custard - Mr Custard - 100mL,https://www.elementvape.com/strawberry-vanilla-custard-mr-custard
Lemoncake Custard - Mr Custard - 100mL,https://www.elementvape.com/lemoncake-custard-mr-custard
Cinnamon Custard - Mr Custard - 100mL,https://www.elementvape.com/cinnamon-custard-mr-custard
Orange Dream - Beach Club Salts - 30mL,https://www.elementvape.com/orange-dream-beach-club-salts
Orange Dream - Beach Club - 100mL,https://www.elementvape.com/orange-dream-beach-club
MYSTERY E-LIQUID 100/200mL Pack,https://www.elementvape.com/e-liquid-mystery-bag-200ml-edition
Mystery Nicotine Salts Pack - 60/120mL,https://www.elementvape.com/mystery-nicotine-salts-pack
Killer Kustard - Vapetasia - 100mL,https://www.elementvape.com/killer-kustard-vapetasia
Rocky - Silverback Juice Co. Salts - 30mL,https://www.elementvape.com/rocky-silverback-salts
Rocky - Silverback Juice Co. - 120mL,https://www.elementvape.com/rocky-silverback
Harambe - Silverback Juice Co. Salts - 30mL,https://www.elementvape.com/harambe-silverback-salts
Harambe - Silverback Juice Co. - 120mL,https://www.elementvape.com/harambe-silverback
Amy - Silverback Juice Co. - 120mL,https://www.elementvape.com/amy-silverback
Nutty Choco Crepe - Loaded E-Liquid - Ruthless Vapors - 100mL,https://www.elementvape.com/nutty-choco-crepe-loaded
Strawberry Cream Crepe - Loaded E-Liquid - Ruthless Vapors - 100mL,https://www.elementvape.com/strawberry-crepe-loaded
Strawberry Cream - Juice Head - 100mL,//www.elementvape.com/strawberry-cream-juice-head
Strawberry Cheesecake - Sadboy - 100mL,https://www.elementvape.com/strawberry-cheesecake-sadboy
Strawberry Cheesecake - Sadboy Salts - 30mL,https://www.elementvape.com/strawberry-cheesecake-sadboy-salts
Orange Cream Mango - 7 Daze Salts - 30mL,https://www.elementvape.com/orange-cream-mango-7-daze-salts
Orange Cream Mango - 7 Daze Fusion - 100mL,https://www.elementvape.com/orange-cream-mango-7-daze
Pumpkin Spice - Custard Monster Salts - 30mL,https://www.elementvape.com/pumpkin-spice-custard-monster-salts
Mixed Berry - Custard Monster Salts - 30mL,https://www.elementvape.com/mixed-berries-custard-monster-salts
Mixed Berry - Custard Monster - 100mL,https://www.elementvape.com/mixed-berries-custard-monster
Pumpkin Spice - Custard Monster - 100mL,https://www.elementvape.com/pumpkin-spice-custard-monster
Peach Custard - Syn Salts - 30mL,https://www.elementvape.com/peach-custard-syn-salts
Strawberry Custard - Syn Salts - 30mL,https://www.elementvape.com/strawberry-custard-syn-salts
Lemon Pie Custard - Syn Liquid - 100mL,https://www.elementvape.com/lemon-pie-custard-syn-liquids
Fruity Cream - Juice Head - 100mL,https://www.elementvape.com/fruity-cream-juice-head
Sweet Cream - Juice Head - 100mL,https://www.elementvape.com/sweet-cream-juice-head
Cake Batter - Juice Head - 100mL,https://www.elementvape.com/cake-batter-juice-head
Costa Caramel - Bantam Vape - 100mL,https://www.elementvape.com/costa-caramel-bantam
Original Bunny - Suicide Bunny Salts - 30mL,https://www.elementvape.com/original-bunny-suicide-bunny-salts
Madre - Suicide Bunny Salts - 30mL,https://www.elementvape.com/madre-suicide-bunny-salts
Knockout - Suicide Bunny Salts - 30mL,https://www.elementvape.com/knockout-suicide-bunny-salts
Original Bunny - Suicide Bunny - 120mL,https://www.elementvape.com/original-bunny-suicide-bunny
Madre - Suicide Bunny - 100mL,https://www.elementvape.com/madre-suicide-bunny
Raspberry French - Jimmy The Juiceman - 120mL,https://www.elementvape.com/raspberry-french-jimmy-the-juiceman
Mothers Milk and Cookies - Suicide Bunny - 120mL,https://www.elementvape.com/mothers-milk-and-cookies-suicide-bunny
Sucker Punch - Suicide Bunny - 120mL,https://www.elementvape.com/sucker-punch-suicide-bunny
Creme Brulee - Jimmy The Juiceman - 120mL,https://www.elementvape.com/creme-brulee-jimmy-the-juiceman
Mothers Milk - Suicide Bunny - 120mL,https://www.elementvape.com/mothers-milk-suicide-bunny
Derailed - Suicide Bunny - 120mL,https://www.elementvape.com/derailed-suicide-bunny
Dragon Fruit Strawberry Cream - Freenoms by Nomenon - 120mL,https://www.elementvape.com/dragon-fruit-strawberry-cream-nomenon
Blueberry Strawberry Kiwi Yogurt - Freenoms by Nomenon - 120mL,https://www.elementvape.com/blueberry-strawberry-kiwi-yogurt-nomenon
Coffee and Ice Cream - Nitros Cold Brew Salts - 30mL,https://www.elementvape.com/coffee-and-ice-cream-nitros-cold-brew-salts
Cookie Frappe - Nitros Cold Brew Salts - 30mL,https://www.elementvape.com/cookie-frappe-nitros-cold-brew-salts
Key Lime Pie - Nitros Cold Brew Salts - 30mL,https://www.elementvape.com/key-lime-pie-nitros-cold-brew-salts
Strawberi and Cream - Nitros Cold Brew Salts - 30mL,https://www.elementvape.com/strawberi-and-cream-nitros-cold-brew-salts
Coffee and Ice Cream - Nitros Cold Brew - 100mL,https://www.elementvape.com/coffee-and-ice-cream-nitros-cold-brew
Mango Coconut - Nitros Cold Brew - 100mL,https://www.elementvape.com/mango-coconut-nitros-cold-brew
Fruit Splash - Nitros Cold Brew - 100mL,https://www.elementvape.com/fruit-splash-nitros-cold-brew
Key Lime Pie - Nitros Cold Brew - 100mL,https://www.elementvape.com/key-lime-pie-nitros-cold-brew
Strawberi and Cream - Nitros Cold Brew - 100mL,https://www.elementvape.com/strawberi-cream-nitros-cold-brew
Katy's Choice - Elysian Salts - 60mL,https://www.elementvape.com/katys-choice-elysian-salts
Nana Flakes - Elysian Salts - 60mL,https://www.elementvape.com/nana-flakes-elysian-salts
Na'Nilla - Elysian Salts - 60mL,https://www.elementvape.com/nanilla-elysian-salts
Na'Nilla - Elysian Labs - 120mL,https://www.elementvape.com/nanilla-elysian
Strawberry Milk - BSX Series - 60mL,https://www.elementvape.com/strawberry-milk-basix
Vanilla Custard - Coastal SALTS - 30mL,https://www.elementvape.com/vanilla-custard-coastal-salts
Vanilla Custard - Coastal Clouds Co. - 60mL,https://www.elementvape.com/vanilla-custard-coastal-clouds
Golden Custard - Pod Juice Desserts - 100mL,https://www.elementvape.com/golden-custard-pod-juice
Banana - Custard Monster Salts -  30mL,https://www.elementvape.com/banana-custard-salts-jam-monster
Banana - Custard Monster - 100mL,https://www.elementvape.com/banana-custard-custard-monster
Nana Foster Salts - Keep It 100 - 30mL,https://www.elementvape.com/nana-foster-salts-keep-it-100
Nana Foster - Keep It 100 - 100mL,https://www.elementvape.com/nana-foster-keep-it-100
Dewberry Cream - KILO Revival Salts - 30mL,https://www.elementvape.com/dewberry-cream-kilo-revival-salts
Dewberry Cream - KILO Revival - 100mL,https://www.elementvape.com/dewberry-cream-kilo-revival
Vanilla Custard Salt - Vape Dinner Lady - 30mL,https://www.elementvape.com/vanilla-custard-salt-vape-dinner-lady
Vanilla Custard - Vape Dinner Lady - 60mL,https://www.elementvape.com/vanilla-custard-vape-dinner-lady
Upstate Almond Cream SALTS - Bantam Vape - 30mL,https://www.elementvape.com/upstate-almond-cream-bantam-salts
Upstate Almond Cream - Bantam Vape - 100mL,https://www.elementvape.com/upstate-almond-cream-bantam
Fruity - The Milk Salts - 30mL,https://www.elementvape.com/fruity-salts-jam-monster
Cinnamon - The Milk Salts - 30mL,https://www.elementvape.com/cinnamon-salts-jam-monster
Berry Crunch - The Milk Salts - 30mL,https://www.elementvape.com/berry-crunch-salts-jam-monster
Fruity - The Milk - 100mL,https://www.elementvape.com/fruity-jam-monster
Cinnamon - The Milk - 100mL,https://www.elementvape.com/cinnamon-jam-monster
Berry Crunch - The Milk - 100mL,https://www.elementvape.com/berry-crunch-jam-monster
Strawberry Ice Cream - Pod Juice - 30mL,https://www.elementvape.com/strawberry-ice-cream-pod-juice
Caramel Brulee - Coastal Clouds Co. - 60mL,https://www.elementvape.com/caramel-brulee-coastal-clouds-co
Banana - Johnny Creampuff - 100mL,https://www.elementvape.com/banana-johnny-creampuff
PBLS - BSX Series - 60mL,https://www.elementvape.com/pbls-basix
American Dream - Humble Salts - 30mL,https://www.elementvape.com/american-dream-humble-tfn-salts
HopScotch - Humble Salts - 30mL,https://www.elementvape.com/hopscotch-humble-tfn-salts
Parfait SALTS - The Milk House - GOST Vapor - 30mL,https://www.elementvape.com/parfait-salts-gost-vapor
Upside Down Nilla - Elysian SALTS - 60mL,https://www.elementvape.com/upside-down-nilla-elysian-salts
StraNilla - Elysian SALTS - 60mL,https://www.elementvape.com/stranilla-elysian-salts
Peach Papaya Coconut Cream - Pachamama - 60mL,https://www.elementvape.com/pachamama-peach-papaya-coconut-cream
Lemon Custard - The Finest Crème De La Crème Salt Nic - 30mL,https://www.elementvape.com/lemon-custard-finest-saltnic
Lemon Custard - The Finest Crème De La Crème - 120mL,https://www.elementvape.com/lemon-custard-finest
Vanilla Almond Custard - The Finest Crème De La Crème Salt Nic - 30mL,https://www.elementvape.com/vanilla-almond-custard-finest-saltnic
Strawberry Custard - The Finest Crème De La Crème - 120mL,https://www.elementvape.com/strawberry-custard-finest
Milkhead - The Milk House - GOST Vapor - 100mL,https://www.elementvape.com/milkhead-the-milk-house
Tres Leches - Coastal Clouds Co. - 60mL,https://www.elementvape.com/tres-leches-coastal-clouds-co
ICED Balanced - SVRF SALTS E-Liquid - 30mL,https://www.elementvape.com/iced-balanced-svrf-salts
Butterscotch - Custard Monster Salts - 30mL,//www.elementvape.com/butterscotch-custard-monster-salt
Blackberry - Custard Monster Salts - 30mL,https://www.elementvape.com/blackberry-custard-monster-salt
Butterscotch - Custard Monster - 100mL,//www.elementvape.com/butterscotch-custard-monster
Blackberry - Custard Monster - 100mL,https://www.elementvape.com/blackberry-custard-monster
Artemis - Elysian Labs - 120mL,https://www.elementvape.com/artemis-elysian-labs
Fairgrounds - Met4 SALTS - 30mL,https://www.elementvape.com/fairgrounds-met4-salts
Pacific Sangha - Met4 SALTS - 30mL,https://www.elementvape.com/pacific-sangha-met4-salts
Parfait - The Milk House - GOST Vapor - 100mL,https://www.elementvape.com/parfait-gost-vapor
Pina Colada - The Milk House - GOST Vapor - 100mL,https://www.elementvape.com/pina-colada-gost-vapor
Custard Tobacco - Air Factory SALTS - 30mL,https://www.elementvape.com/custard-tobacco-air-factory-salts
Custard Tobacco - Air Factory E-Liquid - 60mL,https://www.elementvape.com/custard-tobacco-air-factory
Rocket Man - One Hit Wonder SALTS - 30mL,https://www.elementvape.com/rocket-man-one-hit-wonder-salts
My Man - One Hit Wonder SALTS - 30mL,https://www.elementvape.com/my-man-one-hit-wonder-salts
The Man - One Hit Wonder SALTS - 30mL,https://www.elementvape.com/the-man-one-hit-wonder-salts
Army Man - One Hit Wonder SALTS - 30mL,https://www.elementvape.com/army-man-one-hit-wonder-salts
Strawberry Milkshake - Salt Bae 50 - 30mL,https://www.elementvape.com/strawberry-milkshake-saltbae50
Blueberry - Custard Monster Salts - 30mL,https://www.elementvape.com/blueberry-custard-custard-monster-salts-30ml
Vanilla - Custard Monster Salts - 30mL,https://www.elementvape.com/vanilla-custard-custard-monster-salts-30ml
Blueberry - Custard Monster - 100mL,https://www.elementvape.com/blueberry-custard-custard-monster
Strawberry - Custard Monster - 100mL,https://www.elementvape.com/strawberry-custard-custard-monster
Vanilla - Custard Monster - 100mL,https://www.elementvape.com/vanilla-custard-custard-monster
Golden Ticket - Met4 SALTS - 30mL,https://www.elementvape.com/golden-ticket-met4-salts-30ml
Killer Kustard STRAWBERRY - Vapetasia Salts - 30mL,https://www.elementvape.com/killer-kustard-strawberry-vapetasia-salts
Blueberry - Jam Monster - 100mL,https://www.elementvape.com/blueberry-jam-monster
Shake - Keep It 100 E-Liquid - 100mL,https://www.elementvape.com/birthday-shake-keep-it-100-e-liquid-100ml
Blueberry Parfait - Vapetasia SALTS - 30mL,https://www.elementvape.com/blueberry-parfait-vapetasia-salts
Killer Kustard Strawberry - Vapetasia - 100mL,https://www.elementvape.com/killer-kustard-strawberry-vapetasia
Cereal Trip - Bad SALT - 30mL,https://www.elementvape.com/cereal-trip-bad-salt
Watermelon Cream - Coastal Clouds Co. - 60mL,https://www.elementvape.com/the-abyss-coastal-clouds-co
Lemon Meringue - Coastal Clouds Co. - 60mL,https://www.elementvape.com/lemon-meringue-pie-coastal-clouds
Smash Mouth - Humble Salts - 30mL,https://www.elementvape.com/smash-mouth-salts-humble-juice
Strawberry Parfait - Vapetasia SALTS - 30mL,https://www.elementvape.com/strawberry-parfait-vapetasia-salts
Phoenix Tears V2 - Shijin Vapor - 100mL,https://www.elementvape.com/phoenix-tears-v2-shijin-vapor-100ml
Blueberry Parfait - Vapetasia - 100mL,https://www.elementvape.com/blueberry-parfait-vapetasia
Strawberry Parfait - Vapetasia - 100mL,https://www.elementvape.com/strawberry-parfait-vapetasia
ICED Milk Of The Poppy - Vapetasia - 100mL,https://www.elementvape.com/iced-milk-of-the-poppy-vapetasia
Cubano Black - VGOD E-Liquid - 60mL,https://www.elementvape.com/cubano-black-vgod-e-liquid-60ml
Cubano - VGOD E-Liquid - 60mL,https://www.elementvape.com/cubano-vgod-e-liquid-60ml
The Nilla - Elysian SALT - 60mL,https://www.elementvape.com/the-nilla-elysian-salt
ICED Balanced - SVRF E-Liquid - 60mL,https://www.elementvape.com/iced-balanced-svrf
Strawberry - Johnny Creampuff Salts- 30mL,https://www.elementvape.com/johnny-creampuff-strawberry-by-tinted-brew-juice-co-30ml
Lemon - Johnny Creampuff Salts- 30mL,https://www.elementvape.com/johnny-creampuff-lemon-by-tinted-brew-juice-co-30ml
Blueberry - Johnny Creampuff Salts- 30mL,https://www.elementvape.com/johnny-creampuff-blueberry-by-tinted-brew-juice-co-30ml
Original - Johnny Creampuff Salts- 30mL,https://www.elementvape.com/johnny-creampuff-original-by-tinted-brew-juice-co-30ml
Graham Slam SALT - The Mamasan - 30mL,https://www.elementvape.com/graham-slam-salt-the-mamasan
Vanilla Custard SALT - BLVK - 30mL,https://www.elementvape.com/vanilla-custard-salt-blvk-unicorn-30ml
Marshmallow Milk - The One - Beard Vape - 100mL,https://www.elementvape.com/the-one-marshmallow-milk
Euro Gold - NKD 100 Salt E-Liquid - 30mL,https://www.elementvape.com/euro-gold-nkd-100-salt
Cubano Silver - VGOD E-Liquid - 60mL,https://www.elementvape.com/cubano-silver-vgod-e-liquid-60ml
Tiramisu Custard - The Finest Signature Edition Salt Nic - 30mL,https://www.elementvape.com/tiramisu-custard-finest-saltnic
Banana Honey - The Finest Signature Edition Salt Nic - 30mL,https://www.elementvape.com/banana-honey-finest-saltnic
Shamrock Cookie - Sadboy Salts - 30mL,https://www.elementvape.com/shamrock-cookie-sadboy-tear-drops
Custard Cookie - Sadboy Salts - 30mL,https://www.elementvape.com/custard-cookie-sadboy-tear-drops
Custard Cookie - Sadboy - 100mL,https://www.elementvape.com/custard-cookie-sadboy
Bronze Blend - Nasty SALT - 30mL,https://www.elementvape.com/bronze-blend-nasty-salt-30ml
Super Cereal - The Mamasan SALT - 30mL,https://www.elementvape.com/super-cereal-the-mamasan-salt-30ml
Super Cereal - The Mamasan E-Liquid - 100mL,https://www.elementvape.com/super-cereal-the-mamasan-100ml
Killer Kustard Blueberry - Vapetasia Salts - 30mL,https://www.elementvape.com/killer-kustard-blueberry-vapetasia-salts
Killer Kustard Blueberry - Vapetasia - 100mL,https://www.elementvape.com/killer-kustard-blueberry-vapetasia
Blueberry - Johnny Creampuff - 100mL,https://www.elementvape.com/johnny-creampuff-blueberry-by-tinted-brew-juice-co-100ml
Lemon - Johnny Creampuff - 100mL,https://www.elementvape.com/johnny-creampuff-lemon-by-tinted-brew-juice-co-100ml
French Vanilla - The Pancake House - GOST Vapor - 100mL,https://www.elementvape.com/french-vanilla-stack-pancake-house
MELON MILKSHAKE - Loaded E-Liquid - Ruthless Vapors - 100mL,https://www.elementvape.com/melon-milkshake-loaded-e-liquid-ruthless-vapors-120ml
Frost - ICED Blue Razz - Air Factory - 60mL,https://www.elementvape.com/frost-iced-blue-razz-air-factory
Bad Blood - Bad SALT - 30mL,https://www.elementvape.com/bad-blood-bad-salt-30ml
Katy's Choice - Elysian Labs E-Liquid - 120mL,https://www.elementvape.com/k-elysian-labs-e-liquid-60ml
Tiramisu Custard - The Finest Signature Edition - 120mL,https://www.elementvape.com/tiramisu-custard-finest
Banana Honey - The Finest Signature Edition - 120mL,https://www.elementvape.com/banana-honey-finest
American Dream - Humble Juice Co. - 120mL,https://www.elementvape.com/american-dream-humble-juice-co-120ml
Strawberry - Johnny Creampuff - 100mL,https://www.elementvape.com/johnny-creampuff-strawberry-by-tinted-brew-juice-co-100ml
Original - Johnny Creampuff - 100mL,https://www.elementvape.com/johnny-creampuff-original-by-tinted-brew-juice-co-100ml
Madrina - Suicide Bunny - 120mL,https://www.elementvape.com/madrina-suicide-bunny
Balanced - SVRF SALTS E-Liquid - 30mL,https://www.elementvape.com/balanced-svrf-salts
Strawberry Cream Nicotine SALT - BLVK - 30mL,https://www.elementvape.com/strawberry-cream-nicotine-salt-blvk-unicorn-30ml
Apple - The One E-Liquid - Beard Vape Co - 100mL,https://www.elementvape.com/the-one-apple
Killer Kustard Honeydew - Vapetasia - 100mL,https://www.elementvape.com/killer-kustard-honeydew-vapetasia
Purple Cheesecake - The Mamasan SALT - 30mL,https://www.elementvape.com/purple-cheesecake-the-mamasan-salt-30ml
Skadi - Elysian Salts E-Liquid - 60mL,https://www.elementvape.com/skadi-elysian-salts-e-liquid-30ml
Banana Cream Pie - BSX Salt Series - 30mL,https://www.elementvape.com/basix-salts-series-banana-cream-pie
Nana Flakes - Elysian Labs E-Liquid - 120mL,https://www.elementvape.com/nana-flakes-elysian-labs-e-liquid-60ml
Humble Crumble - Humble Juice Co. - 120mL,https://www.elementvape.com/humble-crumble-humble-juice-co-120ml
Hop Scotch - Humble Juice Co. - 120mL,https://www.elementvape.com/hop-scotch-humble
Royalty II - Vapetasia Salts - 30mL,https://www.elementvape.com/royalty-ii-vapetasia-salts
Milk of The Poppy - Vapetasia Salts - 30mL,https://www.elementvape.com/milk-of-the-poppy-vapetasia-salts
Killer Kustard - Vapetasia Salts - 30mL,https://www.elementvape.com/killer-kustard-vapetasia-salts
Artemis - Elysian Salt - 60mL,https://www.elementvape.com/artemis-elysian-salts-e-liquid-30ml
Siren - Elysian SALTS E-Liquid - 60mL,https://www.elementvape.com/siren-elysian-salts-e-liquid-30ml
Honey - Milk King - 100mL,https://www.elementvape.com/milk-king-honey-by-dripmore-e-juice-100ml
Chocolate - Milk King - 100mL,https://www.elementvape.com/milk-king-chocolate-by-dripmore-100ml
Cereal - Milk King - 100mL,https://www.elementvape.com/milk-king-cereal-by-dripmore-100ml
Strawberry - Milk King - 100mL,https://www.elementvape.com/milk-king-strawberry-by-dripmore-100ml
Cookie Butter - Propaganda E-Liquids - 100mL,https://www.elementvape.com/cookie-butter-vape-pink-e-liquid-100ml
Cubano - VGOD SaltNic - 30mL,https://www.elementvape.com/cubano-vgod-saltnic-30ml
Cubano Black - VGOD SaltNic - 30mL,https://www.elementvape.com/cubano-black-vgod-saltnic-30ml
Banana Cream Pie - BSX Series - 60mL,https://www.elementvape.com/basix-banana-cream-pie-glas-vapor
Birthday Cannoli - Bam Bam's Cannoli - 100mL,https://www.elementvape.com/birthday-cannoli-bam-bam-s-cannoli-100ml
Hype - Strawberries A La Mode - Propaganda E-Liquids - 100mL,https://www.elementvape.com/hype-strawberries-a-la-mode-propaganda-e-liquids-100ml
Blueberry - The One E-Liquid - Beard Vape Co - 100mL,https://www.elementvape.com/the-one-blueberry
Lemon - The One E-Liquid - Beard Vape Co - 100mL,https://www.elementvape.com/the-one-lemon
Pink Cakes - VGOD SaltNic - 30mL,https://www.elementvape.com/pink-cakes-vgod-saltnic-30ml
Caramel Tobacco - Salt Bae 50 - 30mL,https://www.elementvape.com/sweet-caramel-tobacco-salt-bae
Milk of the Poppy - Vapetasia - 100mL,https://www.elementvape.com/milk-of-the-poppy-vapetasia
Mango - NKD 100 Salt E-Liquid - 30mL,https://www.elementvape.com/amazing-mango-nkd-100-salt
Army Man - One Hit Wonder - 100mL,https://www.elementvape.com/army-man-one-hit-wonder
Roll Whip - Carnival - Juice Roll-Upz E-Liquid - 100mL,https://www.elementvape.com/carnival-roll-whip-by-juice-roll-upz-e-liquid-100ml
Killer Kustard Lemon - Vapetasia - 100mL,https://www.elementvape.com/killer-kustard-lemon-vapetasia
Strawberry - The One E-Liquid - Beard Vape - 100mL,https://www.elementvape.com/the-one-e-liquid
Mallow - Keep It 100 E-Liquid - 100mL,https://www.elementvape.com/mallow-man-keep-it-100-e-liquid-100ml
Berry Au Lait - Keep It 100 E-Liquid - 100mL,https://www.elementvape.com/strawberry-milk-keep-it-100-e-liquid-100ml
Krunch - Keep It 100 E-Liquid - 100mL,https://www.elementvape.com/krunchy-squares-keep-it-100-e-liquid-100ml
Strawberry Custard - The Finest Crème De La Crème Salt Nic - 30mL,https://www.elementvape.com/strawberry-custard-finest-salts
Graham Slam - The Mamasan - 100mL,https://www.elementvape.com/graham-slam-the-mamasan
Mama Melon - The Mamasan - 100mL,https://www.elementvape.com/mama-melon-the-mamasan-100ml
Sweet Tobacco - I Love Salts - 30mL,https://www.elementvape.com/sweet-tobacco-i-love-salts
Nilla Express - Elysian Labs - 120mL,https://www.elementvape.com/nilla-espress-elysian-labs
Upside Down Nilla - Elysian Labs - 120mL,https://www.elementvape.com/upside-down-nilla-elysian-labs-60ml
Stra'Nilla Cake - Elysian Labs - 120mL,https://www.elementvape.com/stra-nilla-cake-elysian-labs-60ml
Lemon Wafer - Cookie King - 100mL,https://www.elementvape.com/cookie-king-lemon-wafer-by-dripmore-100ml
DVNK - Cookie King - 100mL,https://www.elementvape.com/cookie-king-dvnk-by-dripmore-100ml
Choco Cream - Cookie King - 100mL,https://www.elementvape.com/cookie-king-choco-cream-by-dripmore-100ml
Strawberry Cannoli - Bam Bam's Cannoli - 100mL,https://www.elementvape.com/strawberry-cannoli-bam-bam-s-cannoli-100ml
Captain's Cannoli - Bam Bam's Cannoli - 100mL,https://www.elementvape.com/captain-s-cannoli-bam-bam-s-cannoli-100ml
Original Cannoli - Bam Bam's Cannoli - 100mL,https://www.elementvape.com/original-cannoli-bam-bam-s-cannoli-100ml
No 42 - Beard Vape Co - 120mL,https://www.elementvape.com/no-42-beard-vape
Rainbow Road - Vapetasia - 100mL,https://www.elementvape.com/rainbow-road-vapetasia
BST - Elysian Labs - 120mL,https://www.elementvape.com/dope-by-elysian-labs-60ml
The Nilla - Elysian Labs - 120mL,https://www.elementvape.com/nilla-cake-by-elysian-labs-60ml
Blueberry Cake - BSX Series - 60mL,https://www.elementvape.com/basix-blueberry-cake-glas
Ice Cream - FRYD E-Liquid - 120mL,https://www.elementvape.com/ice-cream-fryd
Cream Cake - FRYD E-Liquid - 120mL,https://www.elementvape.com/cream-cake-fryd
Cream Cookie - FRYD E-Liquid - 120mL,https://www.elementvape.com/cream-cookie-fryd
Banana - FRYD E-Liquid - 120mL,https://www.elementvape.com/banana-fryd
Royalty II - Vapetasia - 100mL,https://www.elementvape.com/royalty-ii-vapetasia
Purple Cheesecake - The Mamasan - 100mL,https://www.elementvape.com/purple-cheesecake-by-the-mamasan-100ml
Pineapple Express - Vapetasia - 100mL,https://www.elementvape.com/pineapple-express-vapetasia
Pineapple Berry - Naked 100 Cream - 60mL,https://www.elementvape.com/pineapple-berry-naked-100-cream
Apple - Jam Monster - 100mL,https://www.elementvape.com/apple-jam-monster
Strawberry - Jam Monster - 100mL,https://www.elementvape.com/strawberry-jam-monster
Balanced - SVRF E-Liquid - 60mL,https://www.elementvape.com/balanced-svrf
Ugly Butter - Bad Drip Labs - 60mL,https://www.elementvape.com/ugly-butter-bad-drip-labs
Cereal Trip - Bad Drip Labs - 60mL,https://www.elementvape.com/cereal-trip-bad-drip
Bad Blood - Bad Drip Labs - 60mL,https://www.elementvape.com/bad-blood-bad-drip
Bird Brains - Cuttwood E-Liquid - 120mL,https://www.elementvape.com/bird-brains-cuttwood
Boss Reserve - Cuttwood E-Liquid - 120mL,https://www.elementvape.com/boss-reserve-cuttwood
Sugar Drizzle - Cuttwood E-Liquid - 120mL,https://www.elementvape.com/sugar-drizzle-cuttwood
Unicorn Milk - Cuttwood - 120mL,//www.elementvape.com/unicorn-milk-cuttwood
No 24 - Beard Vape Co - 120mL,https://www.elementvape.com/no-24-beard-vape
No. 05 - Beard Vape Co. - 120mL,https://www.elementvape.com/no-5-beard-vape
Pacific Sangha - Strawberry Milk by Met4 Vapor - 60mL,https://www.elementvape.com/pacific-sangha-met4
Golden Ticket by Met4 Vapor - 60mL,https://www.elementvape.com/golden-ticket-by-met4-vapor-60ml
Mango - Naked 100 - 60mL,https://www.elementvape.com/mango-naked-100
Strawberry Milk - MOO E-Liquids - 100mL,https://www.elementvape.com/strawberry-milk-by-kilo-moo-series-100ml
My Man - One Hit Wonder - 100mL,https://www.elementvape.com/my-man-by-one-hit-wonder-e-liquids
Rocket Man - One Hit Wonder - 100mL,https://www.elementvape.com/rocket-man-one-hit-wonder
The Man - One Hit Wonder - 100mL,https://www.elementvape.com/one-hit-wonder-milk-man
No 00 - Beard Vape Co - 120mL,https://www.elementvape.com/no-00-beard-vape
Jewel Mint - Pod Juice - 30mL,//www.elementvape.com/cool-mint-pod-juice
Jewel Tobacco - Pod Juice - 30mL,//www.elementvape.com/jewel-tobacco-pod-juice
Yellow Peach - Twist E-Liquid - 120mL,//www.elementvape.com/peach-blossom-lemonade-by-lemon-twist-120ml
Strawberry Banana - ELF VPR3000 Salts - 30mL,//www.elementvape.com/strawberry-banana-elf-vpr3000-salts
Mighty Mint - VGOD SaltNic - 30mL,//www.elementvape.com/mighty-mint-vgod-saltnic-30ml
Spearmint - I Love Salts - 30mL,//www.elementvape.com/spearmint-gum-i-love-salts
